-- phpMyAdmin SQL Dump
-- version 4.6.5.2
-- https://www.phpmyadmin.net/
--
-- Host: 127.0.0.1
-- Generation Time: Apr 11, 2017 at 05:49 PM
-- Server version: 10.1.21-MariaDB
-- PHP Version: 5.6.30

SET SQL_MODE = "NO_AUTO_VALUE_ON_ZERO";
SET time_zone = "+00:00";


/*!40101 SET @OLD_CHARACTER_SET_CLIENT=@@CHARACTER_SET_CLIENT */;
/*!40101 SET @OLD_CHARACTER_SET_RESULTS=@@CHARACTER_SET_RESULTS */;
/*!40101 SET @OLD_COLLATION_CONNECTION=@@COLLATION_CONNECTION */;
/*!40101 SET NAMES utf8mb4 */;

--
-- Database: `databasedvd`
--

-- --------------------------------------------------------

--
-- Table structure for table `actor`
--

CREATE TABLE `actor` (
  `id` bigint(20) NOT NULL,
  `first_name` varchar(255) DEFAULT NULL,
  `last_name` varchar(255) DEFAULT NULL
) ENGINE=InnoDB DEFAULT CHARSET=latin1;

--
-- Dumping data for table `actor`
--

INSERT INTO `actor` (`id`, `first_name`, `last_name`) VALUES
(1, 'Maria', 'Bello'),
(2, 'Monica', 'Bellucci'),
(3, 'Halle', 'Berry'),
(4, 'Lorraine', 'Bracco'),
(5, 'Amy', 'Brenneman'),
(6, 'Evelyne', 'Brochu'),
(7, 'George', 'Clooney'),
(8, 'Kevin', 'Costner'),
(9, 'Tom', 'Cruise'),
(10, 'Dana', 'Delany'),
(11, 'Andy', 'Garcia'),
(12, 'Richard', 'Gere'),
(13, 'Ashley', 'Judd'),
(14, 'Lisa', 'Ling'),
(15, 'Heath', 'Ledger'),
(16, 'Laura', 'Linney'),
(17, 'Matthew', 'McConaughey'),
(18, 'Elizabeth', 'Mitchell'),
(19, 'Lena', 'Olin'),
(20, 'Al', 'Pacino'),
(21, 'Brad', 'Pitt'),
(22, 'Natalie', 'Portman'),
(23, 'Julia', 'Roberts'),
(24, 'Elisabeth', 'Shue'),
(25, 'Meryl', 'Streep'),
(26, 'John', 'Travolta'),
(27, 'Lindsay', 'Wagner'),
(28, 'Paul', 'Walker'),
(29, 'Denzel', 'Washington'),
(30, 'Sigourney', 'Weaver'),
(31, 'Bruce', 'Willis'),
(32, 'Robin', 'Wright');

-- --------------------------------------------------------

--
-- Table structure for table `dvd`
--

CREATE TABLE `dvd` (
  `id` bigint(20) NOT NULL,
  `bonus` bit(1) NOT NULL,
  `origin` varchar(255) DEFAULT NULL,
  `remarks` varchar(255) DEFAULT NULL,
  `title` varchar(255) NOT NULL,
  `year` int(11) NOT NULL
) ENGINE=InnoDB DEFAULT CHARSET=latin1;

--
-- Dumping data for table `dvd`
--

INSERT INTO `dvd` (`id`, `bonus`, `origin`, `remarks`, `title`, `year`) VALUES
(1, b'0', ' ', '  ', 'Lights Out', 2016),
(2, b'1', 'DVD', '  ', 'The Confirmation', 2016),
(3, b'1', 'DVD', '  ', 'The 5th Wave', 2016),
(4, b'1', 'DVD', '  ', 'Bravetown', 2015),
(5, b'1', 'DVD', '  ', 'Demonic ', 2015),
(6, b'1', 'DVDR', '  ', 'McFarland, USA', 2015),
(7, b'1', 'DVDR', '  ', 'Big Driver', 2014),
(8, b'1', 'DVD', '  ', 'Third Person', 2013),
(9, b'1', 'DVDR', '  ', 'Prisoners', 2013),
(10, b'1', 'DVD', '  ', 'Grown Ups 2', 2013),
(11, b'1', 'DVD', '  ', 'Carjacked', 2011),
(12, b'1', 'DVD', '  ', 'Abduction', 2011),
(13, b'1', 'DVD', '  ', 'Beautiful Boy', 2010),
(14, b'1', 'DVD', '  ', 'Grown Ups', 2010),
(15, b'1', 'DVD', '  ', 'The Company Men', 2010),
(16, b'1', 'DVD', '  ', 'The Private Lives of Pippa Lee', 2009),
(17, b'1', 'DVD', '  ', 'The Mummy: Tomb of the Dragon Emperor', 2008),
(18, b'1', 'DVD', 'NTSC Decrypted version available ', 'Downloading Nancy', 2008),
(19, b'1', 'DVD', 'NTSC Decrypted version available ', 'The Yellow Handkerchief', 2008),
(20, b'1', 'DVD', '  ', 'The Jane Austen Book Club', 2007),
(21, b'1', 'DVD', '  ', 'Towelhead', 2007),
(22, b'1', 'DVD', '  ', 'Shattered', 2007),
(23, b'1', 'DVD', '  ', 'Flicka', 2006),
(24, b'1', 'DVD', '2-DVDs ', 'World Trade Center', 2006),
(25, b'1', 'DVD', '  ', 'Thank You for Smoking', 2005),
(26, b'1', 'DVD', '  ', 'A History of Violence', 2005),
(27, b'1', 'DVD', '  ', 'The Dark', 2005),
(28, b'1', 'DVD', 'No dutch subtitles ', 'The Sisters', 2005),
(29, b'1', 'DVD', '  ', 'Assault on Precinct 13', 2005),
(30, b'1', 'DVDR', '  ', 'Silver City', 2004),
(31, b'1', 'DVD', '  ', 'Secret Window', 2004),
(32, b'1', 'DVD', '  ', 'The Cooler', 2003),
(33, b'1', 'DVD', '  ', '100 Mile Rule', 2002),
(34, b'1', 'DVD', '  ', 'Auto Focus', 2002),
(35, b'1', 'DVD', 'No dutch subtitles ', 'Duets', 2000),
(36, b'1', 'DVD', '  ', 'Coyote Ugly', 2000),
(37, b'1', 'DVD', '  ', 'Sam the Man', 2000),
(38, b'1', 'DVD', '  ', 'Payback', 1999),
(39, b'1', 'DVD', '  ', 'Permanent Midnight', 1998),
(40, b'1', 'DVD', ' ', 'The Brothers Grimm', 2005),
(41, b'1', 'DVD', ' ', 'She Hate Me', 2004),
(42, b'1', 'DVDR', ' ', 'The Passion of the Christ', 2004),
(43, b'1', 'TV', ' ', 'The Matrix Revolutions', 2003),
(44, b'1', 'TV', ' ', 'The Matrix Reloaded', 2003),
(45, b'1', 'DVD', ' ', 'Tears of the Sun', 2003),
(46, b'1', 'DVD', ' ', 'Irreversible ', 2002),
(47, b'1', 'DVD', ' ', 'Astérix & Obélix: Mission Cléopâtre', 2002),
(48, b'1', 'DVD', ' ', 'Brotherhood of the Wolf', 2001),
(49, b'1', 'DVD', ' ', 'Malèna', 2000),
(50, b'1', 'DVD', ' ', 'Under Suspicion', 2000),
(51, b'1', 'TV', ' ', 'L\'appartement', 1996),
(52, b'1', 'DVD', ' 2-DVD', 'Bram Stoker\'s Dracula', 1992),
(53, b'1', 'DVDR', ' ', 'The Call', 2013),
(54, b'1', 'DVDR', ' ', 'Dark Tide', 2012),
(55, b'1', 'DVDR', '', 'New Year\'s Eve', 2011),
(56, b'1', 'DVDR', ' ', 'Frankie and Alice', 2010),
(57, b'1', 'DVD ', ' ', 'Things We Lost in the Fire', 2007),
(58, b'1', 'DVD ', ' ', 'Perfect Stranger', 2007),
(59, b'1', 'DVD ', ' ', 'Their Eyes Were Watching God', 2005),
(60, b'1', 'TV ', ' ', 'Catwoman', 2004),
(61, b'1', 'TV ', ' ', 'Gothika', 2003),
(62, b'1', 'DVD ', '2-DVDs ', 'Die Another Day', 2002),
(63, b'1', 'DVD ', ' ', 'Monster\'s Ball', 2001),
(64, b'1', 'DVD ', ' ', 'Swordfish', 2001),
(65, b'1', 'TV ', ' ', 'Race the Sun', 1996),
(66, b'1', 'DVD ', ' ', 'Executive Decision', 1996),
(67, b'1', 'TV ', ' ', 'Boomerang', 1992),
(68, b'1', 'DVD ', ' ', 'The Last Boy Scout', 1991),
(69, b'1', 'DVD', ' ', 'Riding in Cars with Boys', 2001),
(70, b'1', 'DVD', 'No subtitles ', 'Custody of the Heart', 2000),
(71, b'1', 'DVD', ' ', 'Ladies Room', 1999),
(72, b'1', 'DVD', 'NTSC Decrypted version available ', 'Silent Cradle', 1997),
(73, b'1', 'DVD', 'No subtitles ', 'The Basketball Diaries', 1995),
(74, b'1', 'DVD', 'No subtitles ', 'Getting Gotti', 1994),
(75, b'1', 'DVD', 'NTSC Decrypted version available ', 'Being Human', 1994),
(76, b'1', 'DVD', 'NTSC Decrypted version available ', 'Traces of Red', 1992),
(77, b'1', 'DVD', ' ', 'Radio Flyer', 1992),
(78, b'1', 'DVDR', ' ', 'Medicine Man', 1992),
(79, b'1', 'DVDR', ' ', 'Switch', 1991),
(80, b'1', 'DVD', ' ', 'Talent for the Game', 1991),
(81, b'1', 'DVD', ' ', 'Goodfellas', 1990),
(82, b'1', 'DVD', 'No subtitles ', 'Up to Date', 1989),
(83, b'1', 'DVD', ' ', 'Someone to Watch Over Me', 1987),
(84, b'1', 'DVD', ' ', '88 Minutes', 2007),
(85, b'1', 'DVD', ' ', 'Nine Lives', 2005),
(86, b'1', 'DVD', ' ', 'Off the Map', 2003),
(87, b'1', 'DVD', ' ', 'Things You Can Tell Just by Looking at Her', 2000),
(88, b'1', 'DVD', 'No dutch subtitles', 'Your Friends & Neighbors', 1998),
(89, b'1', 'DVD', ' ', 'Lesser Prophets', 1997),
(90, b'1', 'DVD', ' ', 'Fear', 1996),
(91, b'1', 'DVD', ' ', 'Heat', 1995),
(92, b'1', 'DVD', ' ', 'Bye Bye Love', 1995),
(93, b'1', ' ', ' ', 'Money Monster', 2016),
(94, b'1', 'DVDR', ' ', 'Hail, Caesar!', 2016),
(95, b'1', 'DVDR ', ' ', 'Tomorrowland: A World Beyond', 2015),
(96, b'1', 'DVD', ' ', 'The Monuments Men', 2014),
(97, b'1', 'DVD', ' ', 'Gravity', 2013),
(98, b'1', 'DVD', ' ', 'The Descendants', 2011),
(99, b'1', 'DVD', ' ', 'The Ides of March', 2011),
(100, b'1', 'DVD', ' ', 'The American', 2010),
(101, b'1', 'DVDR', ' ', 'The Men Who Stare at Goats', 2009),
(102, b'1', 'DVD', ' ', 'Up in the Air', 2009),
(103, b'1', 'DVD', ' ', 'Burn After Reading', 2008),
(104, b'1', 'DVDR', ' ', 'Leatherheads', 2008),
(105, b'1', 'DVD', ' ', 'Michael Clayton', 2007),
(106, b'1', 'DVD', ' ', 'Ocean\'s Thirteen', 2007),
(107, b'1', 'DVD', ' ', 'The Good German', 2006),
(108, b'1', 'DVD', ' ', 'Syriana', 2005),
(109, b'1', 'DVD', ' ', 'Good Night, and Good Luck', 2005),
(110, b'1', 'DVD', '  ', 'Ocean\'s Twelve', 2004),
(111, b'1', 'DVD', '  ', 'Intolerable Cruelty', 2003),
(112, b'1', 'TELE2', ' ', 'Confessions of a Dangerous Mind', 2002),
(113, b'1', 'DVD', ' ', 'Solaris', 2002),
(114, b'1', 'DVD', ' ', 'Ocean\'s Eleven', 2001),
(115, b'1', 'DVD', ' ', 'The Perfect Storm', 2000),
(116, b'1', 'TV', ' ', 'Three Kings', 1999),
(117, b'1', 'DVDR', ' ', 'The Thin Red Line', 1998),
(118, b'1', 'DVDR', ' ', 'Out of Sight', 1998),
(119, b'1', 'DVD', ' ', 'The Peacemaker', 1997),
(120, b'1', 'DVD', ' ', 'One Fine Day', 1996),
(121, b'1', 'DVD', '2-disc special edition', 'From Dusk Till Dawn', 1996),
(122, b'1', 'DVDR', ' ', 'Red Surf', 1989),
(123, b'1', 'DVDR', ' ', 'Criminal', 2016),
(124, b'1', ' ', ' ', 'Black or White', 2014),
(125, b'1', ' ', ' ', 'Draft Day', 2014),
(126, b'1', 'DVD ', ' ', '3 Days to Kill', 2014),
(127, b'1', 'DVD ', ' ', 'Jack Ryan: Shadow Recruit', 2014),
(128, b'1', 'DVDR', ' ', 'Man of Steel', 2013),
(129, b'1', 'DVDR', ' ', 'The New Daughter', 2009),
(130, b'1', 'DVD ', ' ', 'Swing Vote', 2008),
(131, b'1', 'DVDR', ' ', 'Mr. Brooks', 2007),
(132, b'1', 'DVDR', ' ', 'The Guardian', 2006),
(133, b'1', 'TV ', ' ', 'Rumor Has It...', 2005),
(134, b'1', 'DVDR', ' ', 'The Upside of Anger', 2005),
(135, b'1', 'DVDR', ' ', 'Open Range', 2003),
(136, b'1', 'DVD ', ' ', 'Dragonfly', 2002),
(137, b'1', 'DVDR', ' ', '3000 Miles to Graceland', 2001),
(138, b'1', 'TV ', ' ', 'Thirteen Days', 2000),
(139, b'1', 'TV ', ' ', 'Play It to the Bone', 1999),
(140, b'1', ' ', '   ', 'For Love of the Game', 1999),
(141, b'1', 'DVDR', ' ', 'Message in a Bottle', 1999),
(142, b'1', ' ', ' ', 'The Postman', 1997),
(143, b'1', 'TV ', ' ', 'Tin Cup', 1996),
(144, b'1', 'DVDR', ' ', 'Waterworld', 1995),
(145, b'1', 'DVDR', ' ', 'The War', 1994),
(146, b'1', 'DVDR', ' ', 'Wyatt Earp', 1994),
(147, b'1', 'DVDR', ' ', 'A Perfect World', 1993),
(148, b'1', 'DVDR', ' ', 'The Bodyguard', 1992),
(149, b'1', 'DVDR', ' ', 'JFK', 1991),
(150, b'1', 'DVDR', '', 'Robin Hood: Prince of Thieves', 1991),
(151, b'1', 'DVD ', '3-DVDs ', 'Dances with Wolves', 1990),
(152, b'1', 'DVDR', ' ', 'Revenge', 1990),
(153, b'1', 'DVDR', ' ', 'Field of Dreams', 1989),
(154, b'1', ' ', ' ', 'The Gunrunner', 1989),
(155, b'1', 'TV ', ' ', 'Bull Durham', 1988),
(156, b'1', 'DVDR', ' ', 'No Way Out', 1987),
(157, b'1', ' ', ' ', 'The Untouchables', 1987),
(158, b'1', ' ', ' ', 'Shadows Run Black', 1986),
(159, b'1', ' ', ' ', 'American Flyers', 1985),
(160, b'1', 'DVDR', ' ', 'Silverado', 1985),
(161, b'1', ' ', ' ', 'Fandango', 1985),
(162, b'1', ' ', ' ', 'Testament', 1983),
(163, b'1', ' ', ' ', 'Stacy\'s Knights', 1983),
(164, b'1', ' ', ' ', 'Table for Five', 1983),
(165, b'1', ' ', ' ', 'Chasing Dreams', 1982),
(166, b'1', 'DVD', ' ', 'Mission: Impossible - Rogue Nation', 2015),
(167, b'1', 'DVD', ' ', 'Edge of Tomorrow', 2014),
(168, b'1', 'DVD', ' ', 'Oblivion', 2013),
(169, b'1', 'DVD', ' ', 'Jack Reacher', 2012),
(170, b'1', 'DVD', ' ', 'Rock of Ages', 2012),
(171, b'1', 'DVD', ' ', 'Mission: Impossible - Ghost Protocol', 2011),
(172, b'1', 'DVD', ' ', 'Knight and Day', 2010),
(173, b'1', 'DVD', ' ', 'Valkyrie', 2008),
(174, b'1', 'DVD', ' ', 'Lions for Lambs', 2007),
(175, b'1', 'DVD', ' ', 'Mission: Impossible III', 2006),
(176, b'1', 'DVD', '2-DVDs', 'War of the Worlds', 2005),
(177, b'1', 'DVD', '2-DVDs', 'Collateral', 2004),
(178, b'1', 'DVD', '2-DVDs', 'The Last Samurai', 2003),
(179, b'1', 'DVD', '2-DVDs', 'Minority Report', 2002),
(180, b'1', 'DVD', ' ', 'Vanilla Sky', 2001),
(181, b'1', 'DVD', ' ', 'Mission: Impossible II', 2000),
(182, b'1', 'DVD', ' ', 'Magnolia', 1999),
(183, b'0', 'DVD', ' ', 'Eyes Wide Shut', 1999),
(184, b'1', 'DVD', ' ', 'Jerry Maguire', 1996),
(185, b'1', 'DVD', ' ', 'Mission: Impossible', 1996),
(186, b'1', 'DVD', ' ', 'Interview with the Vampire', 1994),
(187, b'1', 'DVD', ' ', 'The Firm', 1993),
(188, b'1', 'DVD', ' ', 'A Few Good Men', 1992),
(189, b'1', 'DVD', ' ', 'Far and Away', 1992),
(190, b'1', 'DVD', ' ', 'Days of Thunder', 1990),
(191, b'1', 'DVD', ' ', 'Born on the Fourth of July', 1989),
(192, b'1', 'DVD', ' ', 'Rain Man', 1988),
(193, b'1', 'DVD', ' ', 'Cocktail', 1988),
(194, b'1', 'DVD', ' ', 'The Color of Money', 1986),
(195, b'1', 'DVD', ' ', 'Top Gun', 1986),
(196, b'1', 'TV', ' ', 'Legend', 1985),
(197, b'1', 'TV', ' ', 'All the Right Moves', 1983),
(198, b'1', 'DVD', ' ', 'Risky Business', 1983),
(199, b'1', 'DVD', ' ', 'The Outsiders', 1983),
(200, b'1', 'DVD', ' ', 'Taps', 1981),
(201, b'1', ' ', ' ', 'What About Love', 2017),
(202, b'1', ' ', ' ', 'Kill the Messenger', 2014),
(203, b'1', 'DVDR', ' ', 'Let\'s Be Cops', 2014),
(204, b'1', ' ', ' ', 'At Middleton', 2013),
(205, b'1', ' ', ' ', 'Open Road', 2013),
(206, b'1', ' ', ' ', 'For Greater Glory: The True Story of Cristiada', 2012),
(207, b'1', 'DVDR', ' ', '5 Days of War', 2011),
(208, b'1', 'DVDR', ' ', 'City Island', 2009),
(209, b'1', 'DVDR', ' ', 'New York, I Love You', 2009),
(210, b'1', 'DVDR', ' ', 'La Linea - The Line', 2009),
(211, b'1', 'DVDR', ' ', 'The Air I Breathe', 2007),
(212, b'1', 'DVDR', ' ', 'Smokin\' Aces', 2006),
(213, b'1', 'DVD', ' ', 'The Lost City', 2005),
(214, b'1', 'DVD', ' ', 'Modigliani', 2004),
(215, b'1', 'DVDR', ' ', 'The Lazarus Child', 2004),
(216, b'1', 'DVD', ' ', 'Twisted', 2004),
(217, b'1', 'TELE2', ' ', 'The Man from Elysian Fields', 2001),
(218, b'1', 'TV', ' ', 'The Unsaid', 2001),
(219, b'1', 'TELE2', ' ', 'Just the Ticket', 1999),
(220, b'1', 'TV', ' ', 'Desperate Measures', 1998),
(221, b'1', 'DVD', 'Extra features available on the english version', 'Night Falls on Manhattan', 1996),
(222, b'1', 'TV', ' ', 'Things to Do in Denver When You\'re Dead', 1995),
(223, b'1', 'TV', ' ', 'When a Man Loves a Woman', 1994),
(224, b'1', 'DVD', ' ', 'Jennifer 8', 1992),
(225, b'1', 'TV', ' ', 'Dead Again', 1991),
(226, b'1', 'DVD', ' ', 'The Godfather: Part III', 1990),
(227, b'1', 'DVD', ' ', 'A Show of Force', 1990),
(228, b'1', 'DVD', ' ', 'Internal Affairs', 1990),
(229, b'1', 'TV', ' ', 'Black Rain', 1989),
(230, b'1', 'DVD', ' ', 'Blood Money', 1988),
(231, b'1', 'DVD', ' ', 'The Benefactor', 2015),
(232, b'1', 'DVD', ' ', 'The Second Best Exotic Marigold Hotel', 2015),
(233, b'1', 'DVD', 'No subtitles', 'Time Out of Mind', 2014),
(234, b'1', ' ', ' ', 'Movie 43', 2013),
(235, b'1', 'DVD', ' ', 'Arbitrage', 2012),
(236, b'1', 'DVD', ' ', 'The Double', 2011),
(237, b'1', 'DVD', ' ', 'Amelia', 2009),
(238, b'1', 'DVD', ' ', 'Hachi: A Dog\'s Tale', 2009),
(239, b'1', 'DVD', ' ', 'Brooklyn\'s Finest', 2009),
(240, b'1', 'DVD', ' ', 'Nights in Rodanthe', 2008),
(241, b'1', 'DVD', ' ', 'I\'m Not There', 2007),
(242, b'1', 'DVD', ' ', 'The Hunting Party', 2007),
(243, b'1', 'DVD', ' ', 'The Flock', 2007),
(244, b'1', 'DVD', ' ', 'The Hoax', 2006),
(245, b'1', 'DVD', ' ', 'Bee Season', 2005),
(246, b'1', 'DVD', ' ', 'Shall We Dance', 2004),
(247, b'1', 'DVD', 'Bonus DVDR ', 'Chicago', 2002),
(248, b'1', 'DVD', ' ', 'Unfaithful', 2002),
(249, b'1', 'DVD', '2-DVDs ', 'The Mothman Prophecies', 2002),
(250, b'1', 'DVD', ' ', 'Dr. T & the Women', 2000),
(251, b'1', 'DVD', ' ', 'Autumn in New York', 2000),
(252, b'1', 'DVD', ' ', 'Runaway Bride', 1999),
(254, b'1', 'DVD', ' ', 'Red Corner', 1997),
(255, b'1', 'DVD', ' ', 'Primal Fear', 1996),
(256, b'1', 'DVD', ' ', 'First Knight', 1995),
(257, b'1', 'DVD', ' ', 'Intersection', 1994),
(258, b'1', 'DVD', ' ', 'Mr. Jones', 1993),
(259, b'1', 'DVD', ' ', 'Sommersby', 1993),
(260, b'1', 'DVD', ' ', 'Final Analysis', 1992),
(261, b'1', 'DVD', ' ', 'Rhapsody in August', 1991),
(262, b'1', 'DVD', ' ', 'Pretty Woman', 1990),
(263, b'1', 'DVD', ' ', 'Miles from Home', 1988),
(264, b'1', 'DVD', ' ', 'No Mercy', 1986),
(265, b'1', ' ', 'Itunes', 'Power', 1986),
(266, b'1', 'DVD', ' ', 'The Cotton Club', 1984),
(267, b'1', 'DVD', ' ', 'Breathless', 1983),
(268, b'1', 'DVD', ' ', 'An Officer and a Gentleman', 1982),
(269, b'1', 'DVD', ' ', 'American Gigolo', 1980),
(270, b'1', 'DVD', ' ', 'Yanks', 1979),
(271, b'1', 'DVDR', ' ', 'Days of Heaven', 1978),
(272, b'1', ' ', ' ', 'Allegiant', 2016),
(273, b'1', ' ', '	', 'Insurgent', 2015),
(274, b'1', ' ', '	', 'Big Stone Gap', 2014),
(275, b'1', ' ', ' ', 'Dolphin Tale 2', 2014),
(276, b'1', ' ', ' ', 'The Identical', 2014),
(277, b'1', 'DVD', '	', 'Divergent', 2014),
(278, b'1', 'DVDR', ' ', 'Missing', 2012),
(279, b'1', 'DVD', '	', 'Dolphin Tale', 2011),
(280, b'1', 'DVDR', ' ', 'Flypaper', 2011),
(281, b'1', 'DVD', '	', 'Tooth Fairy', 2010),
(282, b'1', 'DVD', ' ', 'Crossing Over', 2009),
(283, b'1', 'DVDR', ' ', 'Helen', 2009),
(284, b'1', 'DVD', '	', 'Bug', 2006),
(285, b'1', 'DVD', 'No subtitles', 'Come Early Morning', 2006),
(286, b'1', 'DVD', 'Contains soundtrack CD', 'De-Lovely', 2004),
(287, b'1', 'DVD', '		 ', 'Frida', 2002),
(288, b'1', 'DVD', ' ', 'Divine Secrets of the Ya-Ya Sisterhood', 2002),
(289, b'1', 'DVD', '	', 'High Crimes', 2002),
(290, b'1', 'DVD', ' ', 'Someone Like You...', 2001),
(291, b'1', 'DVD', ' ', 'Where the Heart Is', 2000),
(292, b'1', 'DVD', ' ', 'Double Jeopardy', 1999),
(293, b'1', 'DVD', ' ', 'Eye of the Beholder', 1999),
(294, b'1', 'DVD', ' ', 'Simon Birch', 1998),
(295, b'1', 'DVD', ' ', 'Kiss the Girls', 1997),
(296, b'1', 'DVD', 'NTSC	Decrypted version available', 'The Locusts', 1997),
(297, b'1', 'DVD', 'NTSC	Decrypted version available', 'Normal Life', 1996),
(298, b'1', 'DVD', ' ', 'A Time to Kill', 1996),
(299, b'1', 'DVD', ' ', 'Norma Jean & Marilyn', 1996),
(300, b'1', 'DVD', ' ', 'Smoke', 1995),
(301, b'1', 'DVD', ' ', 'The Passion of Darkly Noon', 1995),
(302, b'1', 'DVD', 'Spaans', 'Ruby in Paradise', 1993),
(303, b'1', 'DVD', 'NTSC	Decrypted version available', 'Kuffs', 1992),
(304, b'1', 'DVD', 'NTSC CNN	 ', 'Planet in Peril: Battle Lines', 2009),
(305, b'1', 'DVD', 'NTSC National Geographic', 'Inside North Korea', 2006),
(306, b'1', 'DVD', 'NTSC National Geographic', 'World\'s Most Dangerous Gang', 2006),
(307, b'1', 'DVD', 'NTSC National Geographic', 'World\'s Most Dangerous Drug', 2006),
(308, b'1', 'DVD', 'NTSC National Geographic', 'China\'s Lost Girls', 2005),
(309, b'1', 'DVD', 'NTSC National Geographic', 'The Best of Lisa Ling', 2005),
(310, b'1', 'DVDR', ' ', 'The Imaginarium of Doctor Parnassu', 2009),
(311, b'1', 'DVDR', ' ', 'The Dark Knight', 2008),
(312, b'1', 'DVD ', ' ', 'Candy', 2006),
(313, b'1', 'DVD ', ' ', 'Casanova', 2005),
(314, b'1', 'DVD ', '2-DVDs', 'Brokeback Mountain', 2005),
(315, b'1', 'DVD ', ' ', 'Lords of Dogtown', 2005),
(316, b'1', 'DVD ', ' ', 'The Order', 2003),
(317, b'1', ' ', ' ', 'The Four Feathers', 2002),
(318, b'1', 'DVD ', ' ', 'A Knight\'s Tale', 2001),
(319, b'1', 'DVDR', ' ', 'The Patriot', 2000),
(320, b'1', 'DVDR', ' ', 'Two Hands', 1999),
(321, b'1', 'TV ', ' ', '10 Things I Hate About You', 1999),
(322, b'1', 'TV ', ' ', 'Paws', 1997),
(323, b'1', 'DVDR', ' ', 'The Life of David Gale', 2003),
(324, b'1', ' ', ' ', 'The Laramie Project', 2002),
(325, b'1', ' ', ' ', 'Wild Iris', 2001),
(326, b'1', ' ', ' ', 'The House of Mirth', 2000),
(327, b'1', 'DVDR', ' ', 'You Can Count on Me', 2000),
(328, b'1', ' ', ' ', 'Maze', 2000),
(329, b'1', ' ', ' ', 'Running Mates', 2001),
(330, b'1', ' ', ' ', 'Lush', 1999),
(331, b'1', 'DVDR', ' ', 'The Truman Show', 1998),
(332, b'1', 'DVDR', ' ', 'Absolute Power', 1997),
(333, b'1', 'DVD', ' ', 'Congo', 1995),
(334, b'1', ' ', ' ', 'A Simple Twist of Fate', 1994),
(335, b'1', ' ', ' ', 'Searching for Bobby Fischer', 1993),
(336, b'1', 'DVD', ' ', 'Dave', 1993),
(337, b'1', 'DVDR', ' ', 'Lorenzo\'s Oil', 1992),
(338, b'1', ' ', ' ', 'Free State of Jones', 2016),
(339, b'1', ' ', ' ', 'Interstellar', 2014),
(340, b'1', ' ', ' ', 'Dallas Buyers Club', 2013),
(341, b'1', 'DVD ', ' ', 'Mud', 2012),
(342, b'1', 'DVDR ', ' ', 'Magic Mike', 2012),
(343, b'1', 'DVDR ', ' ', 'Killer Joe', 2011),
(344, b'1', 'DVD ', ' ', 'Bernie', 2011),
(345, b'1', 'DVDR ', ' ', 'The Lincoln Lawyer', 2011),
(346, b'1', 'DVDR ', ' ', 'Ghosts of Girlfriends Past', 2009),
(347, b'1', 'DVDR ', ' ', 'Surfer, Dude', 2008),
(348, b'1', 'DVDR ', ' ', 'Fool\'s Gold', 2008),
(349, b'1', 'DVDR ', ' ', 'We Are Marshall', 2006),
(350, b'1', 'TV ', ' ', 'Failure to Launch', 2006),
(351, b'1', 'DVD ', ' ', 'Two for the Money', 2005),
(352, b'1', 'DVDR ', ' ', 'Sahara', 2005),
(353, b'1', 'TV ', ' ', 'How to Lose a Guy in 10 Days', 2003),
(354, b'1', 'DVDR ', ' ', 'Frailty', 2001),
(355, b'1', 'DVD ', ' ', 'The Wedding Planner', 2001),
(356, b'1', 'TV ', ' ', 'U-571', 2000),
(357, b'1', 'TV ', ' ', 'Edtv', 1999),
(358, b'1', 'DVDR ', ' ', 'The Newton Boys', 1998),
(359, b'1', 'DVD ', ' ', 'Amistad', 1997),
(360, b'1', 'DVDR', ' ', 'The Purge: Election Year', 2016),
(361, b'1', ' ', ' ', 'Prosecuting Casey Anthony', 2013),
(362, b'1', 'DVD', ' ', 'Running Scared', 2006),
(363, b'1', 'DVD', '2-DVDs, NTSC', '3: The Dale Earnhardt Story', 2004),
(364, b'1', 'DVD', ' ', 'The Santa Clause 2', 2002),
(365, b'1', 'DVD', ' ', 'Man and Boy', 2002),
(366, b'1', 'DVD', ' ', 'Double Bang', 2001),
(367, b'1', 'DVD', ' ', 'Hollywood Palms', 2001),
(368, b'1', 'TV', ' ', 'The Linda McCartney Story', 2000),
(369, b'1', 'DVD', ' ', 'Nurse Betty', 2000),
(370, b'1', 'DVD', ' ', 'Frequency', 2000),
(371, b'1', 'DVD', ' ', 'Molly', 1999),
(372, b'1', 'DVD', '2-DVDs ', 'Significant Others', 1998),
(373, b'1', 'DVD', ' ', 'Gia', 1998),
(374, b'1', ' ', ' ', 'The Devil You Know', 2013),
(375, b'1', 'DVD', ' ', 'Night Train to Lisbon', 2013),
(376, b'1', ' ', ' ', 'Grounded', 2013),
(377, b'1', 'DVD', ' ', 'The hypnotist', 2012),
(378, b'1', 'DVD', ' ', 'Remember Me', 2010),
(380, b'1', 'DVD', '2-DVD ', 'The Reader', 2008),
(381, b'1', 'DVD', ' ', 'Awake', 2007),
(382, b'1', 'DVD', ' ', 'Hollywood Homicide', 2003),
(383, b'1', 'DVD', ' ', 'The United States of Leland', 2003),
(384, b'1', 'DVD', ' ', 'Darkness', 2002),
(385, b'1', 'DVD', ' ', 'Queen of the Damned', 2002),
(386, b'1', 'DVD', ' ', 'Hamilton', 1998),
(387, b'1', 'DVD', ' ', 'Ignition', 2001),
(388, b'1', 'DVD', ' ', 'Chocolat', 2000),
(389, b'1', 'DVD', ' ', 'The Ninth Gate', 1999),
(390, b'1', 'DVD', ' ', 'Mystery Men', 1999),
(391, b'1', 'DVD', ' ', 'Polish Wedding', 1998),
(392, b'1', 'DVD', 'NTSC ', 'The Night and the Moment', 1995),
(393, b'1', 'DVD', 'No dutch subtitles ', 'Romeo Is Bleeding', 1993),
(394, b'1', 'DVD', ' ', 'Havana', 1990),
(395, b'1', 'DVD', ' ', 'The Unbearable Lightness of Being', 1988),
(396, b'1', 'DVD', ' ', 'After the Rehearsal', 1984),
(397, b'1', 'VIDEO', ' ', 'Fanny and Alexander', 1982),
(398, b'1', 'DVD', ' ', 'Misconduct', 2016),
(399, b'1', 'DVD', ' ', 'Danny Collins', 2015),
(400, b'1', 'DVD', ' ', 'Manglehorn', 2014),
(401, b'1', ' ', ' ', 'The Humbling', 2014),
(402, b'1', ' ', ' ', 'Salomé', 2013),
(403, b'1', ' ', ' ', 'Phil Spector', 2013),
(404, b'1', ' ', ' ', 'Stand Up Guys', 2012),
(405, b'1', ' ', ' ', 'Jack and Jill', 2011),
(406, b'1', 'DVD', ' ', 'The Son of No One', 2011),
(407, b'1', 'DVDR', ' ', 'You Don\'t Know Jack', 2010),
(408, b'1', 'DVD', '2-DVD', 'Righteous Kill', 2008),
(409, b'1', 'DVD', ' ', 'The Merchant of Venice', 2004),
(410, b'1', 'DVD', '2-DVD', 'Angels in America', 2003),
(411, b'1', 'DVDR', ' ', 'Gigli', 2003),
(412, b'1', 'DVD', ' ', 'The Recruit', 2003),
(413, b'1', 'DVD', ' ', 'S1m0ne', 2002),
(414, b'1', 'DVD', ' ', 'Insomnia', 2002),
(415, b'1', 'DVD', ' ', 'People I Know', 2002),
(416, b'1', 'DVDR', ' ', 'Any Given Sunday', 1999),
(417, b'1', 'DVD', ' ', 'The Insider', 1999),
(418, b'1', 'DVD', ' ', 'The Devil\'s Advocate', 1997),
(419, b'1', 'DVD', ' ', 'Donnie Brasco', 1997),
(420, b'1', 'DVDR', ' ', 'City Hall', 1996),
(421, b'1', 'DVD', ' ', 'Two Bits', 1995),
(422, b'1', 'DVDR', ' ', 'Carlito\'s Way', 1993),
(423, b'1', 'DVDR', ' ', 'Scent of a Woman', 1992),
(424, b'1', 'DVDR', ' ', 'Glengarry Glen Ross', 1992),
(425, b'1', 'DVD', ' ', 'Frankie and Johnny', 1991),
(426, b'1', 'DVDR', ' ', 'Dick Tracy', 1990),
(427, b'1', 'DVDR', ' ', 'Sea of Love', 1989),
(428, b'1', 'DVDR', ' ', 'Revolution', 1985),
(429, b'1', 'DVD', ' ', 'Scarface', 1983),
(430, b'1', 'DVDR', ' ', 'Cruising', 1980),
(431, b'1', 'DVDR', ' ', '...And Justice for All', 1979),
(432, b'1', 'DVDR', 'english', 'Bobby Deerfield', 1977),
(433, b'1', 'DVDR', ' ', 'Dog Day Afternoon', 1975),
(434, b'1', 'DVD', ' ', 'The Godfather: Part II', 1974),
(435, b'1', 'DVD', ' ', 'Serpico', 1973),
(436, b'1', 'DVDR', ' ', 'Scarecrow', 1973),
(437, b'1', 'DVD', ' ', 'The Godfather', 1972),
(438, b'1', 'DVDR', ' ', 'The Panic in Needle Park', 1971),
(439, b'1', 'DVD', ' ', 'The Big Short', 2015),
(440, b'1', 'DVD', ' ', 'By The Sea', 2015),
(441, b'1', 'DVD', ' ', 'Fury', 2014),
(442, b'1', 'DVD', ' ', 'The Counsellor', 2013),
(443, b'1', 'DVD', ' ', '12 Years a Slave', 2013),
(444, b'1', 'DVD', ' ', 'World War Z', 2013),
(445, b'1', 'DVD', ' ', 'Killing them softly', 2012),
(446, b'1', 'DVD', ' ', 'Moneyball', 2011),
(447, b'1', 'DVD', ' ', 'The Tree of Life', 2011),
(448, b'1', 'DVD', ' ', 'Inglourious Basterds', 2009),
(449, b'1', 'DVD', '2-DVDs ', 'The Curious Case of Benjamin Button', 2008),
(450, b'1', 'DVD', ' ', 'The Assassination of Jesse James by the Coward Robert Ford', 2007),
(451, b'1', 'DVD', ' ', 'Babel', 2006),
(452, b'1', 'DVD', '2-DVDs ', 'Mr. & Mrs. Smith', 2005),
(453, b'1', 'DVD', '2-DVDs ', 'Troy', 2004),
(454, b'1', 'TV', ' ', 'Sinbad: Legend of the Seven Seas', 2003),
(455, b'1', 'DVD', ' ', 'Full Frontal', 2002),
(456, b'1', 'DVD', ' ', 'Spy Game', 2001),
(457, b'1', 'DVD', ' ', 'The Mexican', 2001),
(458, b'1', 'DVD', '2-DVDs ', 'Snatch', 2001),
(459, b'1', 'DVD', '2-DVDs ', 'Fight Club', 1999),
(460, b'1', 'DVD', ' ', 'Meet Joe Black', 1998),
(461, b'1', 'DVD', ' ', 'The Dark Side of the Sun', 1997),
(462, b'1', 'DVD', ' ', 'Seven Years in Tibet', 1997),
(463, b'1', 'DVD', ' ', 'The Devil\'s Own', 1997),
(464, b'1', 'DVD', ' ', 'Sleepers', 1996),
(465, b'1', 'DVD', ' ', 'Twelve Monkeys', 1995),
(466, b'1', 'DVD', '2-DVDs ', 'Se7en', 1995),
(467, b'1', 'DVD', ' ', 'Legends of the Fall', 1994),
(468, b'1', 'DVD', ' ', 'True Romance', 1993),
(469, b'1', 'DVD', ' ', 'Kalifornia', 1993),
(470, b'1', 'DVD', ' ', 'A River Runs Through It', 1992),
(471, b'1', 'DVD', ' ', 'Thelma & Louise', 1991),
(472, b'1', 'DVD', 'No dutch subtitles ', 'Across the Tracks', 1991),
(473, b'1', 'DVD', 'No dutch subtitles, EXHD wel subtitle', 'Too Young to Die?', 1990),
(474, b'1', 'DVD', ' ', 'Cutting Class', 1989),
(475, b'1', ' ', ' ', 'Jane Got a Gun', 2016),
(476, b'1', ' ', ' ', 'Knight of Cups', 2015),
(477, b'1', ' ', ' ', 'The Heyday of the Insensitive Bastards', 2014),
(478, b'1', ' ', ' ', 'Thor: The Dark World', 2013),
(479, b'1', 'DVDR', ' ', 'Thor', 2011),
(480, b'1', 'DVDR', ' ', 'Your Highness', 2011),
(481, b'1', 'DVDR', ' ', 'No Strings Attached', 2011),
(482, b'1', 'DVDR', ' ', 'Black Swan', 2010),
(483, b'1', 'DVDR', ' ', 'Hesher', 2010),
(484, b'1', 'DVDR', ' ', 'Brothers', 2009),
(485, b'1', 'DVDR', ' ', 'Love and Other Impossible Pursuits', 2009),
(486, b'1', 'DVDR', ' ', 'The Other Boleyn Girl', 2007),
(487, b'1', 'DVDR', ' ', 'Mr. Magorium\'s Wonder Emporium', 2007),
(488, b'1', 'DVDR', ' ', 'The Darjeeling Limited', 2007),
(489, b'1', ' ', 'No subtitles', 'My Blueberry Nights', 2007),
(490, b'1', ' ', ' ', 'Goya\'s Ghosts', 2006),
(491, b'1', 'DVDR', ' ', 'Paris, je t\'aime', 2006),
(492, b'1', 'DVDR', ' ', 'V for Vendetta', 2005),
(493, b'1', ' ', ' ', 'Free Zone', 2005),
(494, b'1', 'DVDR', ' ', 'Star Wars: Episode III - Revenge of the Sith', 2005),
(495, b'1', ' ', ' ', 'Domino One', 2005),
(496, b'1', 'DVDR', ' ', 'Closer', 2004),
(497, b'1', 'DVDR', ' ', 'Garden State', 2004),
(498, b'1', ' ', ' ', 'Cold Mountain', 2002),
(499, b'1', 'DVDR', ' ', 'Star Wars: Episode II - Attack of the Clones', 2002),
(500, b'1', 'DVDR', ' ', 'Anywhere But Here', 1999),
(501, b'1', 'DVDR', ' ', 'Star Wars: Episode I - The Phantom Menace', 1999),
(502, b'1', ' ', ' ', 'Mars Attacks!', 1996),
(503, b'1', 'DVDR', ' ', 'Everyone Says I Love You', 1996),
(504, b'1', 'DVDR', ' ', 'Beautiful Girls', 1996),
(505, b'1', 'DVDR', ' ', 'Léon The Professional', 1994),
(506, b'1', ' ', ' ', 'Mother s Day', 2016),
(507, b'1', ' ', ' ', 'The Normal Heart', 2014),
(508, b'1', 'DVD', ' ', 'August: Osage County', 2013),
(509, b'1', 'DVDR', ' ', 'Larry Crowne', 2011),
(510, b'1', 'DVDR', ' ', 'Valentine s Day', 2010),
(511, b'1', 'DVD', ' ', 'Eat Pray Love', 2010),
(512, b'1', 'DVDR', ' ', 'Duplicity', 2009),
(513, b'1', 'DVDR', ' ', 'Fireflies In The Garden', 2008),
(514, b'1', 'DVDR', ' ', 'Charlie Wilson s War', 2007),
(515, b'1', 'DVDR', ' ', 'The Ant Bully', 2006),
(516, b'1', 'DVDR', ' ', 'Mona Lisa Smile', 2003),
(517, b'1', 'DVDR', ' ', 'America s Sweethearts', 2001),
(518, b'1', 'DVD', ' ', 'Erin Brockovich', 2000),
(519, b'1', 'DVDR', ' ', 'Notting Hill', 1999),
(520, b'1', 'DVDR', ' ', 'Stepmom', 1998),
(521, b'1', 'DVD ', ' ', 'Conspiracy Theory', 1997),
(522, b'1', ' ', ' ', 'My Best Friend s Wedding', 1997),
(523, b'1', ' ', ' ', 'Michael Collins', 1996),
(524, b'1', ' ', ' ', 'Something to Talk About', 1995),
(525, b'1', 'DVDR', ' ', 'I Love Trouble', 1994),
(526, b'1', 'DVD', ' ', 'The Pelican Brief', 1993),
(527, b'1', 'DVDR', ' ', 'Sleeping with the Enemy', 1991),
(528, b'1', 'DVDR', ' ', 'Dying Young', 1991),
(529, b'1', 'DVDR', ' ', 'Flatliners', 1990),
(530, b'1', 'DVDR', ' ', 'Mystic Pizza', 1988),
(531, b'1', 'DVD', ' ', 'Two Mothers', 2013),
(532, b'1', 'DVDR', ' ', 'Rampart', 2011),
(533, b'1', 'DVDR', ' ', 'The Girl with the Dragon Tattoo', 2011),
(534, b'1', 'DVDR', ' ', 'The Conspirator', 2010),
(535, b'1', 'DVDR', ' ', 'State of Play', 2009),
(536, b'1', 'DVDR', ' ', 'What Just Happened', 2008),
(537, b'1', 'DVD', ' ', 'Breaking and Entering', 2006),
(538, b'1', 'DVDR', ' ', 'White Oleander', 2002),
(539, b'1', 'DVDR', ' ', 'The Last Castle', 2001),
(540, b'1', 'DVD', ' ', 'The Pledge', 2001),
(541, b'1', 'DVD', ' ', 'Unbreakable', 2000),
(542, b'1', 'DVDR', ' ', 'Hurlyburly', 1998),
(543, b'1', 'DVDR', ' ', 'She s So Lovely', 1997),
(544, b'1', 'DVD', ' ', 'The Crossing Guard', 1995),
(545, b'1', 'DVDR', ' ', 'Forrest Gump', 1994),
(546, b'1', 'DVDR', ' ', 'State of Grace', 1990),
(547, b'1', 'DVDR', ' ', 'The Prince', 2014),
(548, b'1', 'DVDR', ' ', 'Red 2', 2013),
(549, b'1', 'DVDR', ' ', 'A Good Day to Die Hard', 2013),
(550, b'1', 'DVDR', ' ', 'Looper', 2012),
(551, b'1', 'DVDR', ' ', 'Fire with Fire', 2012),
(552, b'1', 'DVDR', ' ', 'Lay the Favorite', 2012),
(553, b'1', 'DVDR', ' ', 'Moonrise Kingdom', 2012),
(554, b'1', 'DVD', ' ', 'The Cold Light of Day', 2012),
(555, b'1', 'DVDR', ' ', 'Catch .44', 2011),
(556, b'1', 'DVD', ' ', 'Setup', 2011),
(557, b'1', 'DVDR', ' ', 'Red', 2010),
(558, b'1', 'DVDR', ' ', 'The Expendables', 2010),
(559, b'1', 'DVDR', ' ', 'Cop Out', 2010),
(560, b'1', 'DVDR', ' ', 'Surrogates', 2009),
(561, b'1', 'DVDR', ' ', 'Planet Terror', 2007),
(562, b'1', 'TV', ' ', 'Live Free or Die Hard/Die Hard 4.0', 2007),
(563, b'1', 'DVD', ' ', '16 Blocks', 2006),
(564, b'1', 'DVDR', ' ', 'Lucky Number Slevin', 2006),
(565, b'1', 'DVD', ' ', 'Alpha Dog', 2006),
(566, b'1', 'DVDR', ' ', 'Sin City', 2005),
(567, b'1', 'DVD', ' ', 'Hostage', 2005),
(568, b'1', 'TV', ' ', 'The Whole Ten Yards', 2004),
(569, b'1', 'DVDR', ' ', 'Hart s War', 2002),
(570, b'1', 'DVD', ' ', 'Bandits', 2001),
(571, b'1', 'DVDR', ' ', 'The Kid', 2000),
(572, b'1', 'TV', ' ', 'The Story of Us', 1999),
(573, b'1', 'DVDR', ' ', 'The Sixth Sense', 1999),
(574, b'1', 'DVDR', ' ', 'Breakfast of Champions', 1999),
(575, b'1', 'DVD', ' ', 'The Siege', 1998),
(576, b'1', 'DVDR', ' ', 'Armageddon', 1998),
(577, b'1', 'TV', ' ', 'Mercury Rising', 1998),
(578, b'1', 'DVDR', ' ', 'The Fifth Element', 1997),
(579, b'1', 'TV', ' ', 'Last Man Standing', 1996),
(580, b'1', 'TV', ' ', 'Die Hard: With a Vengeance', 1995),
(581, b'1', 'DVDR', ' ', 'Nobody s Fool', 1994),
(582, b'1', 'DVDR', ' ', 'Color of Night', 1994),
(583, b'1', 'TV', ' ', 'North', 1994),
(584, b'1', 'DVD', ' ', 'Pulp Fiction', 1994),
(585, b'1', 'DVDR', ' ', 'Striking Distance', 1993),
(586, b'1', 'TV', ' ', 'Hudson Hawk', 1991),
(587, b'1', 'DVDR', ' ', 'Mortal Thoughts', 1991),
(588, b'1', 'DVDR', ' ', 'The Bonfire of the Vanities', 1990),
(589, b'1', 'TV', ' ', 'Die Hard 2', 1990),
(590, b'1', 'TV', ' ', 'Die Hard', 1988),
(591, b'1', 'DVDR', ' ', 'Blind Date', 1987),
(592, b'1', ' ', ' ', 'Chappie', 2015),
(593, b'1', 'DVDR', ' ', 'Vamps', 2012),
(594, b'1', 'DVDR', ' ', 'Red Lights', 2012),
(595, b'1', 'DVDR', ' ', 'The Cabin in the Woods', 2011),
(596, b'1', 'DVDR', ' ', 'Paul', 2011),
(597, b'1', 'DVDR', ' ', 'Cedar Rapids', 2011),
(598, b'1', 'DVDR', ' ', 'You Again', 2010),
(599, b'1', 'DVDR', ' ', 'Crazy on the Outside', 2010),
(600, b'1', 'DVDR', ' ', 'Prayers for Bobby', 2009),
(601, b'1', 'DVDR', ' ', 'Avatar', 2009),
(602, b'1', 'DVD', ' ', 'Vantage Point', 2008),
(603, b'1', '- ', 'No substitles', 'Be Kind Rewind', 2008),
(604, b'1', 'DVDR', ' ', 'Baby Mama', 2008),
(605, b'1', ' ', ' ', 'The Girl in the Park', 2007),
(606, b'1', 'TV ', ' ', 'Infamous', 2006),
(607, b'1', ' ', 'avi-file ', 'The TV Set', 2006),
(608, b'1', 'DVD', ' ', 'Snow Cake', 2006),
(609, b'1', 'DVDR', ' ', 'The Village', 2004),
(610, b'1', 'DVD', ' ', 'Imaginary Heroes', 2004),
(611, b'1', ' ', ' ', 'Holes', 2003),
(612, b'1', 'DVD', ' ', 'The Guys', 2002),
(613, b'1', 'DVD', ' ', 'Heartbreakers', 2001),
(614, b'1', 'DVDR', ' ', 'Tadpole', 2000),
(615, b'1', 'DVDR', ' ', 'Galaxy Quest', 1999),
(616, b'1', 'DVD', ' ', 'A Map of the World', 1999),
(617, b'1', 'DVD', '2-DVDs', 'Alien: Resurrection', 1997),
(618, b'1', 'DVDR', ' ', 'Copycat', 1995),
(619, b'1', '- ', ' ', 'Jeffrey', 1995),
(620, b'1', 'DVD', ' ', 'Death and the Maiden', 1994),
(621, b'1', 'DVD', '2-DVDs ', 'Alien³', 1992),
(622, b'1', 'DVDR', ' ', '1492: Conquest of Paradise', 1992),
(623, b'1', 'DVDR', ' ', 'Ghost Busters II', 1989),
(624, b'1', 'DVDR', ' ', 'Working Girl', 1988),
(625, b'1', 'DVDR', ' ', 'Gorillas in the Mist: The Story of Dian Fossey', 1988),
(626, b'1', 'DVD', '2-DVDs', 'Aliens', 1986),
(627, b'1', 'DVDR', ' ', 'Ghost Busters', 1984),
(628, b'1', ' ', 'No substitles', 'Eyewitness', 1981),
(629, b'1', 'DVD', '2-DVDs', 'Alien', 1979),
(630, b'1', 'DVD', ' ', 'The Equalizer', 2014),
(631, b'1', 'DVD', ' ', '2 Guns', 2013),
(632, b'1', 'DVD', ' ', 'Flight', 2012),
(633, b'1', 'DVD', ' ', 'Safe House', 2012),
(634, b'1', 'DVD', ' ', 'Unstoppable', 2010),
(635, b'1', 'DVD', ' ', 'The Book of Eli', 2010),
(636, b'1', 'DVD', ' ', 'The Taking of Pelham 1 2 3', 2009),
(637, b'1', 'DVD', '2-DVDs', 'The Great Debaters', 2007),
(638, b'1', 'DVD', '3-DVDs', 'American Gangster', 2007),
(639, b'1', 'DVD', ' ', 'Deja Vu', 2006),
(640, b'1', 'DVD', ' ', 'Inside Man', 2006),
(641, b'1', 'DVD', ' ', 'The Manchurian Candidate', 2004),
(642, b'1', 'DVD', '2-DVDs', 'Man on Fire', 2004),
(643, b'1', 'DVD', ' ', 'Out of Time', 2003),
(644, b'1', 'DVD', ' ', 'Antwone Fisher', 2002),
(645, b'1', 'DVD', ' ', 'John Q', 2002),
(646, b'1', 'DVD', ' ', 'Training Day', 2001),
(647, b'1', 'DVD', ' ', 'Remember the Titans', 2000),
(648, b'1', 'DVD', ' ', 'The Hurricane', 1999),
(649, b'1', 'DVD', ' ', 'The Bone Collector', 1999),
(650, b'1', ' ', ' ', 'He Got Game', 1998),
(651, b'1', 'DVD', ' ', 'Fallen', 1998),
(652, b'1', 'TV ', ' ', 'The Preacher s Wife', 1996),
(653, b'1', 'DVD', ' ', 'Courage Under Fire', 1996),
(654, b'1', 'DVD', ' ', 'Devil in a Blue Dress', 1995),
(655, b'1', 'DVD', ' ', 'Virtuosity', 1995),
(656, b'1', 'DVD', ' ', 'Crimson Tide', 1995),
(657, b'1', 'DVD', '2-DVDs', 'Philadelphia', 1993),
(658, b'1', ' ', ' ', 'Much Ado About Nothing', 1993),
(659, b'1', 'DVD', ' ', 'Malcolm X', 1992),
(660, b'1', 'DVD', ' ', 'Ricochet', 1991),
(661, b'1', ' ', ' ', 'Mississippi Masala', 1991),
(662, b'1', 'DVD', '5-DVD Spike Lee', 'Mo Better Blues', 1990),
(663, b'1', ' ', ' ', 'Heart Condition', 1990),
(664, b'1', 'DVD', ' ', 'Glory', 1989),
(665, b'1', 'DVD', ' ', 'The Mighty Quinn', 1989),
(666, b'1', 'DVD', ' ', 'For Queen & Country', 1988),
(667, b'1', 'DVD', ' ', 'Cry Freedom', 1987),
(668, b'1', ' ', ' ', 'The George McKenna Story', 1986),
(669, b'1', 'DVD', ' ', 'A Soldier s Story', 1984),
(670, b'1', 'DVD', ' ', 'License to Kill', 1984),
(671, b'1', ' ', ' ', 'Carbon copy', 1981),
(672, b'1', ' ', ' ', 'Flesh & Blood', 1979),
(673, b'1', 'DVD', ' ', 'Fast & Furious 7', 2015),
(674, b'1', 'DVD', ' ', 'Brick Mansions', 2014),
(675, b'1', 'DVD', ' ', 'Hustles - Pawn Shop Chronicles', 2013),
(676, b'1', 'DVD', '2-DVDs', 'Furious 6', 2013),
(677, b'1', 'DVD', ' ', 'Hours', 2013),
(678, b'1', 'DVDR', ' ', 'Vehicle 19', 2013),
(679, b'1', 'DVD', ' ', 'Fast Five', 2011),
(680, b'1', 'DVD', ' ', 'Takers', 2010),
(681, b'1', 'DVD', ' ', 'Fast & Furious', 2009),
(682, b'1', 'DVDR', ' ', 'The Lazarus Projec ', 2008),
(683, b'1', 'DVD', ' ', 'Let s kill Bobby Z', 2007),
(684, b'1', 'DVDR', ' ', 'Flags of Our Fathers', 2006),
(685, b'1', 'DVDR', ' ', 'Eight Below', 2006),
(686, b'1', 'DVD', ' ', 'Into the Blue', 2005),
(687, b'1', 'TV', ' ', 'Timeline', 2003),
(688, b'1', 'DVD', ' ', '2 Fast 2 Furious', 2003),
(689, b'1', 'DVD', ' ', 'Joy Ride', 2001),
(690, b'1', 'DVD', ' ', 'The Fast and the Furious', 2001),
(691, b'1', 'DVDR', ' ', 'The Skulls', 2000),
(692, b'1', 'DVD', ' ', 'Four Extraordinary Women', 2006),
(693, b'1', 'DVD', 'NTSC ', 'The Surfer King', 2006),
(694, b'1', 'DVD', 'NTSC ', 'Thicker Than Water', 2005),
(695, b'1', 'DVD', 'NTSC ', 'Shattered Dreams', 1999),
(696, b'1', 'TV ', ' ', 'Voyage of Terror', 1998),
(697, b'1', 'TV ', ' ', 'Their Second Chance', 1997),
(698, b'1', 'TV ', ' ', 'Contagious', 1997),
(699, b'1', 'TV ', ' ', 'A Mother s Instinct', 1996),
(700, b'1', 'TV ', ' ', 'Sins of Silence', 1996),
(701, b'1', 'TV ', ' ', 'Fighting for My Daughter', 1995),
(702, b'1', 'DVD', ' ', 'Bionic Ever After?/Bionic Breakdown', 1994),
(703, b'1', 'DVD', 'No dutch subtitles', 'Once in a Lifetime', 1994),
(704, b'1', 'DVD', 'No dutch subtitles', 'Nurses on the Line: The Crash of Flight 7', 1993),
(705, b'1', 'DVD', 'No dutch subtitles', 'A Message from Holly', 1992),
(706, b'1', 'DVD', 'No dutch subtitles', 'To Be the Best', 1992),
(707, b'1', 'TV ', ' ', 'Treacherous Crossing', 1992),
(708, b'1', 'TV ', ' ', 'Fire in the Dark', 1991),
(709, b'1', 'DVD', 'No dutch subtitles', 'Babies', 1990),
(710, b'1', 'DVD', 'No dutch subtitles', 'Voice of the Heart', 1990),
(711, b'1', 'DVD', ' ', 'Bionic Showdown: The Six Million Dollar Man and the Bionic Woman', 1989),
(712, b'1', 'DVD', 'No dutch subtitles', 'From the Dead of Night', 1989),
(713, b'1', 'TV ', ' ', 'Police Story: Burnout', 1988),
(714, b'1', 'DVD', 'No dutch subtitles', 'Nightmare at Bitter Creek', 1988),
(715, b'1', 'TV ', ' ', 'The Taking of Flight 847: The Uli Derickson Story', 1988),
(716, b'1', 'DVD', 'No dutch subtitles', 'Evil in Clear River', 1988),
(717, b'1', 'DVD', ' ', 'The Return of the Six-Million-Dollar Man and the Bionic Woman', 1987),
(718, b'1', 'TV ', ' ', 'Convicted', 1986),
(719, b'1', 'TV ', ' ', 'Young Again', 1986),
(720, b'1', 'DVD', 'No dutch subtitles', 'Child s Cry', 1986),
(721, b'1', 'TV ', ' ', 'The Other Lover', 1985),
(722, b'1', 'DVD', 'No dutch subtitles', 'Princess Daisy', 1983),
(723, b'1', 'DVD', 'No dutch subtitles', 'Callie & Son', 1981),
(724, b'1', 'DVD', ' ', 'Nighthawks', 1981),
(725, b'1', 'TV', ' ', 'Scruples', 1980),
(726, b'1', ' ', ' ', 'I Am Wrath', 2016),
(727, b'1', 'DVDR', ' ', 'Criminal Activities', 2015),
(728, b'1', 'DVDR', ' ', 'Life on the Line', 2015),
(729, b'1', 'DVDR', ' ', 'The Forger', 2014),
(730, b'1', 'DVDR', ' ', 'Killing Season', 2013),
(731, b'1', 'DVDR', ' ', 'Savages', 2012),
(732, b'1', 'DVDR', ' ', 'From Paris with Love', 2010),
(733, b'1', 'DVD', ' ', 'Old Dogs', 2009),
(734, b'1', 'DVDR', ' ', 'Hairspray', 2007),
(735, b'1', 'DVDR', ' ', 'Wild Hogs', 2007),
(736, b'1', 'DVDR', ' ', 'Be Cool', 2005),
(737, b'1', 'DVD', ' ', 'Ladder 49', 2004),
(738, b'1', 'DVD', ' ', 'A Love Song for Bobby Long', 2004),
(739, b'1', 'DVD', '2-DVDs ', 'The Punisher', 2004),
(740, b'1', 'DVDR', ' ', 'Basic', 2003),
(741, b'1', 'DVD', ' ', 'Domestic Disturbance', 2001),
(742, b'1', 'TV', ' ', 'Lucky Numbers', 2000),
(743, b'1', 'DVDR', ' ', 'Battlefield Earth: A Saga of the Year 3000', 2000),
(744, b'1', 'DVDR', ' ', 'General s Daughter', 1999),
(745, b'1', 'DVDR', ' ', 'A Civil Action', 1998),
(746, b'1', 'DVDR', ' ', 'Primary Colors', 1998),
(747, b'1', 'DVDR', ' ', 'Mad City', 1997),
(748, b'1', 'DVDR', ' ', 'Face/Off', 1997),
(749, b'1', 'DVDR', ' ', 'Michael', 1996),
(750, b'1', 'DVD', ' ', 'Phenomenon', 1996),
(751, b'1', 'DVDR', ' ', 'Broken Arrow', 1996),
(752, b'1', 'DVD', 'DVDR 2-DVDs ', 'Get Shorty', 1995),
(753, b'1', ' ', ' ', 'Look Who s Talking Now', 1993),
(754, b'1', 'DVDR', ' ', 'Chains of Gold', 1991),
(755, b'1', 'DVDR', ' ', 'Look Who s Talking Too', 1990),
(756, b'1', 'TV', ' ', 'Look Who s Talking', 1989),
(757, b'1', 'DVD', ' ', 'Perfect', 1985),
(758, b'1', 'DVD', ' ', 'Two of a Kind', 1983),
(759, b'1', 'DVDR', ' ', 'Staying Alive', 1983),
(760, b'1', 'DVD', ' ', 'Blow Out', 1981),
(761, b'1', 'DVDR', 'no subtitles, avi-files', 'Urban Cowboy', 1980),
(762, b'1', 'TV', ' ', 'Welcome Back, Kotter', 1975),
(763, b'1', 'DVD', ' ', 'Moment by Moment', 1978),
(764, b'1', 'DVD', ' ', 'Grease', 1978),
(765, b'1', 'DVDR', ' ', 'Saturday Night Fever', 1977),
(766, b'1', 'DVDR', 'no subtitles ', 'Carrie', 1976),
(767, b'1', ' ', ' ', 'The Devil s Rain', 1975),
(768, b'1', 'DVD', ' ', 'Florence Foster Jenkins', 2016),
(769, b'1', 'DVD', ' ', 'Suffragette', 2015),
(770, b'1', 'DVD', ' ', 'Ricki and the Flash', 2015),
(771, b'1', 'DVD', ' ', 'Into the Woods', 2014),
(772, b'1', ' ', ' ', 'The Giver', 2014),
(773, b'1', ' ', ' ', 'The Homesman', 2014),
(774, b'1', 'DVD', ' ', 'Hope Springs', 2012),
(775, b'1', ' ', 'Season 2, Episode 2', 'Web Therapy: Blindsides and Backslides', 2012),
(776, b'1', ' ', 'Season 2, Episode 1', 'Web Therapy: Getting It Straight', 2012),
(777, b'1', 'DVD', ' ', 'The Iron Lady', 2011),
(778, b'1', 'DVD', ' ', 'It s Complicated', 2009),
(779, b'1', 'DVD', ' ', 'Julie & Julia', 2009),
(780, b'1', 'DVD', ' ', 'Doubt', 2008),
(781, b'1', 'DVD', ' ', 'Mamma Mia!', 2008),
(782, b'1', 'DVD', ' ', 'Rendition', 2007),
(783, b'1', 'DVD', ' ', 'Evening', 2007),
(784, b'1', 'DVD', ' ', 'Dark Matter', 2007),
(785, b'1', 'DVD', ' ', 'The Devil Wears Prada', 2006),
(786, b'1', 'DVD', ' ', 'A Prairie Home Companion', 2006),
(787, b'1', 'DVD', ' ', 'Prime', 2005),
(788, b'1', ' ', ' ', 'Lemony Snicket s A Series of Unfortunate Events', 2004),
(789, b'1', 'DVD', ' ', 'The Hours', 2002),
(790, b'1', 'DVD', ' ', 'Adaptation', 2002),
(791, b'1', 'DVDR', ' ', 'A.I. Artificial Intelligence', 2001),
(792, b'1', 'DVD', ' ', 'Music of the Heart', 1999),
(793, b'1', 'DVD', ' ', 'One True Thing', 1998),
(794, b'1', 'DVD', 'No subtitles ', 'Dancing at Lughnasa', 1998),
(795, b'1', 'DVD', 'No subtitles ', '...First Do No Harm', 1997),
(796, b'1', 'DVD', ' ', 'Marvin s Room', 1996),
(797, b'1', 'DVD', 'NTSC (DVDR PAL with subtitles)', 'Before and After', 1996),
(798, b'1', 'DVD', ' ', 'The Bridges of Madison County', 1995),
(799, b'1', 'DVD', ' ', 'The River Wild', 1994),
(800, b'1', 'DVD', ' ', 'The House of the Spirits', 1993),
(801, b'1', 'DVD', ' ', 'Death Becomes Her', 1992),
(802, b'1', 'DVD', 'NTSC ', 'Defending Your Life', 1991),
(803, b'1', 'DVD', ' ', 'Postcards from the Edge', 1990),
(804, b'1', 'DVD', ' ', 'She-Devil', 1989),
(805, b'1', 'DVD', ' ', 'A Cry In The Dark/Evil Angels', 1988),
(806, b'1', 'DVD', 'NTSC ', 'Ironweed', 1987),
(807, b'1', 'DVD', ' ', 'Heartburn', 1986),
(808, b'1', 'DVD', ' ', 'Out of Africa', 1985),
(809, b'1', 'DVD', 'No subtitles ', 'Plenty', 1985),
(810, b'1', 'DVD', ' ', 'Falling in Love', 1984),
(811, b'1', 'DVDR', ' ', 'Silkwood', 1983),
(812, b'1', 'DVD', 'No subtitles (DVDR-version with sub-titles', 'Sophie s choice', 1982),
(813, b'1', 'DVDR', ' ', 'Still of the Night', 1982),
(814, b'1', 'DVD', '2-copies', 'The French Lieutenant s Woman', 1981),
(815, b'1', 'DVD', ' ', 'Kramer vs. Kramer', 1979),
(816, b'1', 'DVD', ' ', 'Manhattan', 1979),
(817, b'1', 'DVD', '5-DVD', 'Holocaust, film (miniserie)', 1978),
(818, b'1', ' ', ' ', 'Behaving Badly', 2014),
(819, b'0', ' ', ' ', 'Chasing Mavericks', 2012),
(820, b'1', 'DVD', ' ', 'House at the End of the Street', 2012),
(821, b'0', ' ', ' ', 'Janie Jones', 2010),
(822, b'1', 'DVDR', ' ', 'Piranha', 2010),
(823, b'0', ' ', ' ', 'Waking Madison', 2010),
(824, b'0', 'DVDR', ' ', 'Don McKay', 2009),
(825, b'1', 'DVD', ' ', 'First Born', 2007),
(826, b'1', 'DVD', ' ', 'Hide and Seek', 2005),
(827, b'1', 'DVD', ' ', 'Leo', 2002),
(828, b'1', 'DVD', ' ', 'Hollow Man', 2000),
(829, b'1', 'DVD', ' ', 'The Saint', 1997),
(830, b'0', 'TV', ' ', 'The Trigger Effect', 1996),
(831, b'1', 'DVD', ' ', 'Leaving Las Vegas', 1995),
(832, b'0', 'DVD', ' ', 'Link', 1986),
(833, b'0', 'TV', ' ', 'The Karate Kid', 1984),
(834, b'0', 'DVD', ' ', 'The Late Bloomer', 2016),
(835, b'0', 'DVDR', ' ', 'The Ages of Love', 2011),
(836, b'1', 'DVDR', ' ', 'Shoot Em Up', 2007),
(837, b'1', 'DVD', ' ', 'How Much Do You Love Me?', 2005),
(838, b'0', ' ', '', 'Mr. Holmes ', 2015),
(839, b'0', 'DVDR', '', 'Hyde Park on Hudson', 2012),
(840, b'0', ' ', '', 'The Details', 2011),
(841, b'0', ' ', '', 'Morning', 2010),
(842, b'0', 'DVDR', '', 'Sympathy for Delicious', 2010),
(843, b'0', '7-DVDRs', '', 'John Adams', 2008),
(844, b'0', 'DVDR', '', 'The Other Man', 2008),
(845, b'1', 'DVDR', '', 'The City of Your Final Destination', 2007),
(846, b'0', 'DVDR', '', 'The Nanny Diaries', 2007),
(847, b'0', 'DVD', '', 'Breach', 2007),
(848, b'1', 'DVDR', '', 'The Savages', 2007),
(849, b'0', 'DVDR', '', 'Jindabyne ', 2006),
(850, b'1', '2-DVD', '', 'Man of the Year', 2006),
(851, b'0', ' ', '', 'The Hottest State', 2006),
(852, b'0', ' ', '', 'Driving Lessons', 2006),
(853, b'1', 'DVD', '', 'The Exorcism of Emily Rose', 2005),
(854, b'1', 'DVDR', '', 'The Squid and the Whale', 2005),
(855, b'1', 'DVD', '', 'Kinsey', 2004),
(856, b'0', ' ', '', 'P.S.', 2004),
(857, b'1', 'DVD', '', 'Love Actually', 2003),
(858, b'0', 'DVD', '', 'Mystic River', 2003),
(859, b'0', 'DVDR', ' ', 'Contact', 1997),
(860, b'0', 'DVD', ' ', 'The Deer Hunter', 1978),
(861, b'0', 'DVD', '', 'The Jackal', 1997);

-- --------------------------------------------------------

--
-- Table structure for table `dvd_actors`
--

CREATE TABLE `dvd_actors` (
  `dvd_id` bigint(20) NOT NULL,
  `actors_id` bigint(20) NOT NULL
) ENGINE=InnoDB DEFAULT CHARSET=latin1;

--
-- Dumping data for table `dvd_actors`
--

INSERT INTO `dvd_actors` (`dvd_id`, `actors_id`) VALUES
(2, 1),
(3, 1),
(5, 1),
(6, 1),
(7, 1),
(8, 1),
(9, 1),
(10, 1),
(11, 1),
(12, 1),
(13, 1),
(14, 1),
(15, 1),
(16, 1),
(17, 1),
(18, 1),
(19, 1),
(23, 1),
(24, 1),
(25, 1),
(26, 1),
(27, 1),
(28, 1),
(29, 1),
(30, 1),
(31, 1),
(32, 1),
(33, 1),
(34, 1),
(35, 1),
(36, 1),
(37, 1),
(38, 1),
(39, 1),
(834, 1),
(41, 2),
(42, 2),
(43, 2),
(44, 2),
(45, 2),
(48, 2),
(49, 2),
(50, 2),
(836, 2),
(837, 2),
(53, 3),
(54, 3),
(57, 3),
(58, 3),
(59, 3),
(60, 3),
(61, 3),
(62, 3),
(64, 3),
(65, 3),
(66, 3),
(67, 3),
(68, 3),
(69, 4),
(70, 4),
(71, 4),
(72, 4),
(73, 4),
(74, 4),
(75, 4),
(76, 4),
(77, 4),
(78, 4),
(79, 4),
(80, 4),
(81, 4),
(83, 4),
(84, 5),
(85, 5),
(86, 5),
(87, 5),
(88, 5),
(89, 5),
(90, 5),
(91, 5),
(92, 5),
(93, 7),
(94, 7),
(96, 7),
(97, 7),
(98, 7),
(99, 7),
(100, 7),
(101, 7),
(102, 7),
(103, 7),
(104, 7),
(105, 7),
(107, 7),
(108, 7),
(109, 7),
(111, 7),
(112, 7),
(113, 7),
(116, 7),
(117, 7),
(118, 7),
(119, 7),
(120, 7),
(121, 7),
(122, 7),
(6, 8),
(123, 8),
(124, 8),
(125, 8),
(126, 8),
(127, 8),
(128, 8),
(129, 8),
(130, 8),
(131, 8),
(132, 8),
(133, 8),
(134, 8),
(135, 8),
(136, 8),
(137, 8),
(138, 8),
(139, 8),
(140, 8),
(141, 8),
(142, 8),
(143, 8),
(144, 8),
(145, 8),
(146, 8),
(147, 8),
(148, 8),
(149, 8),
(150, 8),
(151, 8),
(152, 8),
(153, 8),
(154, 8),
(155, 8),
(156, 8),
(157, 8),
(158, 8),
(159, 8),
(160, 8),
(161, 8),
(162, 8),
(164, 8),
(165, 8),
(166, 9),
(167, 9),
(168, 9),
(169, 9),
(170, 9),
(171, 9),
(172, 9),
(173, 9),
(174, 9),
(175, 9),
(176, 9),
(177, 9),
(178, 9),
(179, 9),
(180, 9),
(181, 9),
(182, 9),
(183, 9),
(184, 9),
(185, 9),
(186, 9),
(187, 9),
(188, 9),
(189, 9),
(190, 9),
(191, 9),
(192, 9),
(193, 9),
(194, 9),
(195, 9),
(196, 9),
(197, 9),
(198, 9),
(199, 9),
(200, 9),
(202, 11),
(204, 11),
(205, 11),
(206, 11),
(207, 11),
(208, 11),
(209, 11),
(210, 11),
(211, 11),
(213, 11),
(214, 11),
(215, 11),
(216, 11),
(217, 11),
(218, 11),
(219, 11),
(220, 11),
(221, 11),
(223, 11),
(225, 11),
(226, 11),
(227, 11),
(228, 11),
(229, 11),
(230, 11),
(228, 12),
(231, 12),
(232, 12),
(233, 12),
(234, 12),
(235, 12),
(236, 12),
(237, 12),
(240, 12),
(242, 12),
(243, 12),
(244, 12),
(245, 12),
(246, 12),
(247, 12),
(248, 12),
(249, 12),
(251, 12),
(252, 12),
(254, 12),
(256, 12),
(257, 12),
(258, 12),
(259, 12),
(260, 12),
(262, 12),
(263, 12),
(264, 12),
(265, 12),
(266, 12),
(267, 12),
(268, 12),
(269, 12),
(270, 12),
(271, 12),
(91, 13),
(216, 13),
(272, 13),
(273, 13),
(274, 13),
(275, 13),
(276, 13),
(277, 13),
(278, 13),
(279, 13),
(280, 13),
(281, 13),
(282, 13),
(283, 13),
(284, 13),
(285, 13),
(286, 13),
(287, 13),
(288, 13),
(289, 13),
(291, 13),
(292, 13),
(293, 13),
(294, 13),
(295, 13),
(296, 13),
(297, 13),
(298, 13),
(299, 13),
(300, 13),
(301, 13),
(302, 13),
(303, 13),
(304, 14),
(305, 14),
(309, 14),
(310, 15),
(311, 15),
(312, 15),
(313, 15),
(314, 15),
(315, 15),
(317, 15),
(319, 15),
(320, 15),
(321, 15),
(322, 15),
(323, 16),
(324, 16),
(325, 16),
(326, 16),
(327, 16),
(328, 16),
(329, 16),
(330, 16),
(331, 16),
(332, 16),
(333, 16),
(334, 16),
(335, 16),
(336, 16),
(838, 16),
(839, 16),
(840, 16),
(841, 16),
(842, 16),
(843, 16),
(844, 16),
(845, 16),
(846, 16),
(847, 16),
(848, 16),
(849, 16),
(850, 16),
(851, 16),
(852, 16),
(853, 16),
(854, 16),
(855, 16),
(857, 16),
(858, 16),
(249, 16),
(338, 17),
(339, 17),
(340, 17),
(341, 17),
(342, 17),
(343, 17),
(344, 17),
(345, 17),
(346, 17),
(347, 17),
(349, 17),
(350, 17),
(351, 17),
(352, 17),
(353, 17),
(354, 17),
(355, 17),
(356, 17),
(357, 17),
(358, 17),
(359, 17),
(298, 17),
(360, 18),
(361, 18),
(362, 18),
(363, 18),
(364, 18),
(365, 18),
(366, 18),
(367, 18),
(368, 18),
(369, 18),
(370, 18),
(371, 18),
(372, 18),
(373, 18),
(374, 19),
(375, 19),
(378, 19),
(380, 19),
(381, 19),
(382, 19),
(383, 19),
(384, 19),
(385, 19),
(386, 19),
(387, 19),
(388, 19),
(389, 19),
(390, 19),
(391, 19),
(392, 19),
(393, 19),
(394, 19),
(395, 19),
(221, 19),
(258, 19),
(313, 19),
(398, 20),
(399, 20),
(400, 20),
(401, 20),
(402, 20),
(403, 20),
(404, 20),
(405, 20),
(406, 20),
(408, 20),
(409, 20),
(410, 20),
(411, 20),
(412, 20),
(414, 20),
(415, 20),
(416, 20),
(417, 20),
(419, 20),
(420, 20),
(421, 20),
(423, 20),
(424, 20),
(426, 20),
(427, 20),
(428, 20),
(429, 20),
(430, 20),
(431, 20),
(432, 20),
(433, 20),
(434, 20),
(435, 20),
(436, 20),
(437, 20),
(438, 20),
(84, 20),
(91, 20),
(226, 20),
(351, 20),
(439, 21),
(440, 21),
(441, 21),
(442, 21),
(443, 21),
(444, 21),
(445, 21),
(446, 21),
(447, 21),
(448, 21),
(449, 21),
(450, 21),
(451, 21),
(452, 21),
(453, 21),
(454, 21),
(455, 21),
(456, 21),
(457, 21),
(458, 21),
(459, 21),
(460, 21),
(461, 21),
(462, 21),
(464, 21),
(465, 21),
(466, 21),
(467, 21),
(468, 21),
(469, 21),
(470, 21),
(472, 21),
(473, 21),
(474, 21),
(103, 21),
(112, 21),
(186, 21),
(475, 22),
(476, 22),
(477, 22),
(478, 22),
(479, 22),
(480, 22),
(481, 22),
(482, 22),
(483, 22),
(484, 22),
(485, 22),
(486, 22),
(488, 22),
(489, 22),
(492, 22),
(493, 22),
(494, 22),
(496, 22),
(497, 22),
(498, 22),
(499, 22),
(500, 22),
(501, 22),
(502, 22),
(503, 22),
(504, 22),
(91, 22),
(209, 22),
(291, 22),
(506, 23),
(507, 23),
(508, 23),
(509, 23),
(510, 23),
(511, 23),
(512, 23),
(513, 23),
(514, 23),
(515, 23),
(516, 23),
(517, 23),
(518, 23),
(519, 23),
(520, 23),
(521, 23),
(522, 23),
(523, 23),
(524, 23),
(525, 23),
(526, 23),
(527, 23),
(528, 23),
(529, 23),
(530, 23),
(112, 23),
(252, 23),
(262, 23),
(455, 23),
(457, 23),
(496, 23),
(503, 23),
(531, 32),
(532, 32),
(533, 32),
(534, 32),
(535, 32),
(536, 32),
(537, 32),
(538, 32),
(539, 32),
(540, 32),
(541, 32),
(542, 32),
(543, 32),
(544, 32),
(545, 32),
(546, 32),
(16, 32),
(85, 32),
(141, 32),
(209, 32),
(446, 32),
(547, 31),
(548, 31),
(549, 31),
(550, 31),
(551, 31),
(552, 31),
(553, 31),
(554, 31),
(555, 31),
(556, 31),
(557, 31),
(558, 31),
(559, 31),
(560, 31),
(561, 31),
(562, 31),
(563, 31),
(564, 31),
(565, 31),
(566, 31),
(567, 31),
(568, 31),
(569, 31),
(570, 31),
(571, 31),
(572, 31),
(573, 31),
(574, 31),
(575, 31),
(576, 31),
(577, 31),
(578, 31),
(579, 31),
(580, 31),
(581, 31),
(582, 31),
(583, 31),
(584, 31),
(585, 31),
(586, 31),
(587, 31),
(588, 31),
(589, 31),
(590, 31),
(591, 31),
(45, 31),
(58, 31),
(68, 31),
(465, 31),
(536, 31),
(541, 31),
(592, 30),
(593, 30),
(594, 30),
(595, 30),
(596, 30),
(597, 30),
(598, 30),
(599, 30),
(600, 30),
(601, 30),
(602, 30),
(603, 30),
(604, 30),
(605, 30),
(606, 30),
(607, 30),
(608, 30),
(609, 30),
(610, 30),
(611, 30),
(612, 30),
(613, 30),
(614, 30),
(615, 30),
(616, 30),
(617, 30),
(618, 30),
(619, 30),
(620, 30),
(621, 30),
(622, 30),
(623, 30),
(624, 30),
(625, 30),
(626, 30),
(627, 30),
(628, 30),
(629, 30),
(12, 30),
(336, 30),
(532, 30),
(554, 30),
(630, 29),
(631, 29),
(632, 29),
(633, 29),
(634, 29),
(635, 29),
(636, 29),
(637, 29),
(638, 29),
(639, 29),
(640, 29),
(641, 29),
(642, 29),
(643, 29),
(644, 29),
(645, 29),
(646, 29),
(647, 29),
(648, 29),
(649, 29),
(650, 29),
(651, 29),
(652, 29),
(653, 29),
(654, 29),
(655, 29),
(656, 29),
(657, 29),
(658, 29),
(659, 29),
(660, 29),
(661, 29),
(662, 29),
(663, 29),
(664, 29),
(665, 29),
(666, 29),
(667, 29),
(668, 29),
(669, 29),
(670, 29),
(671, 29),
(672, 29),
(265, 29),
(526, 29),
(575, 29),
(673, 28),
(674, 28),
(675, 28),
(676, 28),
(677, 28),
(678, 28),
(679, 28),
(680, 28),
(681, 28),
(682, 28),
(683, 28),
(684, 28),
(685, 28),
(686, 28),
(687, 28),
(688, 28),
(689, 28),
(690, 28),
(691, 28),
(362, 28),
(692, 27),
(693, 27),
(694, 27),
(695, 27),
(696, 27),
(697, 27),
(698, 27),
(699, 27),
(700, 27),
(701, 27),
(702, 27),
(703, 27),
(704, 27),
(705, 27),
(706, 27),
(707, 27),
(708, 27),
(709, 27),
(710, 27),
(711, 27),
(712, 27),
(713, 27),
(714, 27),
(715, 27),
(716, 27),
(717, 27),
(718, 27),
(719, 27),
(720, 27),
(721, 27),
(722, 27),
(723, 27),
(724, 27),
(725, 27),
(660, 27),
(726, 26),
(727, 26),
(728, 26),
(729, 26),
(730, 26),
(731, 26),
(732, 26),
(733, 26),
(734, 26),
(735, 26),
(736, 26),
(737, 26),
(738, 26),
(739, 26),
(740, 26),
(741, 26),
(742, 26),
(743, 26),
(744, 26),
(745, 26),
(746, 26),
(747, 26),
(748, 26),
(749, 26),
(750, 26),
(751, 26),
(752, 26),
(753, 26),
(754, 26),
(755, 26),
(756, 26),
(757, 26),
(758, 26),
(759, 26),
(760, 26),
(761, 26),
(762, 26),
(763, 26),
(764, 26),
(765, 26),
(766, 26),
(64, 26),
(117, 26),
(543, 26),
(584, 26),
(636, 26),
(768, 25),
(769, 25),
(770, 25),
(771, 25),
(772, 25),
(773, 25),
(774, 25),
(775, 25),
(776, 25),
(777, 25),
(778, 25),
(779, 25),
(780, 25),
(781, 25),
(782, 25),
(783, 25),
(784, 25),
(785, 25),
(786, 25),
(787, 25),
(788, 25),
(789, 25),
(790, 25),
(791, 25),
(792, 25),
(793, 25),
(794, 25),
(795, 25),
(796, 25),
(797, 25),
(798, 25),
(799, 25),
(800, 25),
(801, 25),
(802, 25),
(803, 25),
(804, 25),
(805, 25),
(806, 25),
(807, 25),
(808, 25),
(809, 25),
(810, 25),
(811, 25),
(812, 25),
(813, 25),
(814, 25),
(815, 25),
(816, 25),
(817, 25),
(174, 25),
(410, 25),
(508, 25),
(515, 25),
(641, 25),
(860, 25),
(818, 24),
(819, 24),
(820, 24),
(821, 24),
(822, 24),
(823, 24),
(824, 24),
(825, 24),
(826, 24),
(827, 24),
(828, 24),
(829, 24),
(830, 24),
(831, 24),
(832, 24),
(833, 24),
(193, 24),
(371, 24),
(774, 24),
(835, 2),
(40, 15),
(40, 2),
(46, 2),
(22, 1),
(21, 1),
(4, 1),
(52, 2),
(51, 2),
(47, 2),
(55, 3),
(56, 3),
(82, 4),
(1, 1),
(20, 1),
(20, 5),
(95, 7),
(163, 8),
(201, 11),
(203, 11),
(212, 11),
(114, 11),
(222, 11),
(224, 11),
(238, 12),
(239, 12),
(250, 12),
(261, 12),
(307, 14),
(316, 15),
(63, 3),
(63, 15),
(318, 15),
(255, 12),
(255, 16),
(861, 12),
(861, 31),
(337, 16),
(348, 17),
(859, 17),
(376, 19),
(377, 19),
(396, 19),
(397, 19),
(407, 20),
(413, 20),
(418, 20),
(425, 20),
(422, 20),
(115, 7),
(106, 7),
(106, 11),
(106, 20),
(106, 21),
(110, 7),
(110, 11),
(110, 21),
(463, 21),
(471, 21),
(495, 22),
(505, 22);

-- --------------------------------------------------------

--
-- Table structure for table `dvd_genres`
--

CREATE TABLE `dvd_genres` (
  `dvd_id` bigint(20) NOT NULL,
  `genres_id` bigint(20) NOT NULL
) ENGINE=InnoDB DEFAULT CHARSET=latin1;

--
-- Dumping data for table `dvd_genres`
--

INSERT INTO `dvd_genres` (`dvd_id`, `genres_id`) VALUES
(2, 4),
(3, 1),
(3, 2),
(3, 16),
(834, 4),
(834, 6),
(834, 15),
(4, 6),
(4, 11),
(5, 10),
(5, 14),
(6, 3),
(6, 6),
(6, 18),
(7, 14),
(7, 13),
(7, 5),
(8, 6),
(8, 15),
(9, 5),
(9, 6),
(9, 13),
(10, 4),
(11, 5),
(11, 14),
(12, 1),
(12, 13),
(12, 14),
(13, 6),
(14, 4),
(15, 6),
(16, 4),
(16, 6),
(16, 15),
(17, 1),
(17, 2),
(17, 8),
(18, 6),
(18, 14),
(19, 6),
(19, 15),
(20, 4),
(20, 6),
(20, 15),
(21, 6),
(22, 5),
(22, 6),
(22, 14),
(23, 2),
(23, 6),
(23, 7),
(24, 6),
(24, 9),
(24, 14),
(25, 4),
(25, 6),
(26, 5),
(26, 6),
(26, 14),
(27, 10),
(27, 13),
(27, 14),
(28, 6),
(29, 1),
(29, 5),
(29, 6),
(30, 4),
(30, 6),
(30, 13),
(31, 13),
(31, 14),
(32, 5),
(32, 6),
(32, 8),
(33, 4),
(34, 3),
(34, 5),
(34, 6),
(35, 4),
(35, 6),
(35, 11),
(36, 11),
(36, 6),
(36, 4),
(37, 4),
(37, 6),
(37, 15),
(38, 1),
(38, 5),
(38, 6),
(39, 3),
(39, 6),
(39, 15),
(835, 4),
(835, 15),
(836, 1),
(836, 4),
(836, 5),
(837, 4),
(837, 6),
(837, 15),
(40, 1),
(40, 2),
(40, 4),
(41, 4),
(41, 6),
(42, 6),
(43, 1),
(43, 16),
(44, 1),
(44, 16),
(45, 1),
(45, 6),
(45, 14),
(46, 5),
(46, 6),
(46, 13),
(47, 2),
(47, 4),
(47, 7),
(48, 1),
(48, 2),
(48, 6),
(49, 4),
(49, 6),
(49, 15),
(50, 5),
(50, 14),
(50, 6),
(51, 6),
(51, 13),
(51, 15),
(52, 8),
(52, 10),
(53, 5),
(53, 14),
(54, 2),
(54, 6),
(54, 14),
(55, 4),
(55, 15),
(56, 3),
(56, 6),
(57, 6),
(58, 5),
(58, 13),
(58, 14),
(60, 1),
(60, 5),
(60, 8),
(61, 10),
(61, 13),
(61, 14),
(62, 1),
(62, 2),
(62, 14),
(63, 6),
(63, 15),
(64, 1),
(64, 5),
(64, 14),
(65, 2),
(65, 4),
(65, 6),
(66, 1),
(66, 2),
(66, 14),
(67, 4),
(67, 6),
(67, 15),
(68, 1),
(68, 14),
(69, 3),
(69, 4),
(69, 6),
(70, 6),
(70, 18),
(71, 4),
(71, 6),
(72, 5),
(72, 6),
(72, 13),
(73, 3),
(73, 5),
(73, 6),
(74, 5),
(74, 6),
(75, 4),
(75, 6),
(76, 5),
(76, 6),
(76, 13),
(77, 6),
(78, 2),
(78, 6),
(78, 15),
(79, 4),
(79, 8),
(80, 6),
(80, 18),
(81, 3),
(81, 5),
(81, 6),
(82, 6),
(83, 5),
(83, 6),
(83, 15),
(84, 5),
(84, 6),
(84, 13),
(85, 6),
(86, 6),
(87, 6),
(87, 15),
(88, 4),
(88, 6),
(88, 15),
(89, 5),
(89, 6),
(90, 6),
(90, 14),
(91, 1),
(91, 5),
(91, 6),
(92, 4),
(93, 5),
(93, 6),
(93, 14),
(94, 4),
(94, 13),
(95, 1),
(95, 2),
(95, 7),
(96, 6),
(96, 19),
(97, 2),
(97, 6),
(97, 16),
(98, 4),
(98, 6),
(99, 6),
(100, 5),
(100, 6),
(100, 14),
(101, 4),
(101, 19),
(102, 6),
(102, 15),
(103, 4),
(103, 6),
(104, 4),
(104, 6),
(104, 15),
(105, 5),
(105, 6),
(105, 14),
(106, 5),
(106, 14),
(107, 6),
(107, 13),
(107, 14),
(108, 6),
(108, 14),
(109, 3),
(109, 6),
(109, 9),
(110, 5),
(110, 14),
(111, 5),
(111, 4),
(111, 15),
(112, 3),
(112, 4),
(112, 5),
(113, 6),
(113, 13),
(113, 15),
(114, 5),
(114, 14),
(116, 1),
(116, 2),
(116, 4),
(117, 6),
(117, 19),
(118, 5),
(118, 6),
(118, 15),
(119, 1),
(119, 14),
(120, 4),
(120, 6),
(120, 15),
(121, 1),
(121, 5),
(121, 10),
(122, 6),
(123, 1),
(123, 5),
(123, 6),
(124, 6),
(125, 6),
(125, 18),
(126, 1),
(126, 6),
(126, 14),
(127, 1),
(127, 6),
(127, 14),
(128, 1),
(128, 2),
(128, 8),
(129, 10),
(129, 14),
(130, 4),
(130, 6),
(131, 5),
(131, 6),
(131, 14),
(132, 1),
(132, 2),
(132, 6),
(133, 4),
(133, 6),
(133, 15),
(134, 4),
(134, 6),
(135, 6),
(135, 15),
(135, 20),
(136, 6),
(136, 8),
(136, 13),
(137, 1),
(137, 4),
(137, 5),
(138, 6),
(138, 9),
(138, 14),
(139, 4),
(139, 6),
(139, 18),
(140, 6),
(140, 15),
(140, 18),
(141, 6),
(141, 15),
(142, 1),
(142, 2),
(142, 6),
(143, 4),
(143, 6),
(143, 15),
(144, 1),
(144, 2),
(144, 16),
(145, 6),
(146, 2),
(146, 3),
(146, 5),
(147, 5),
(147, 6),
(147, 14),
(148, 1),
(148, 6),
(148, 11),
(149, 6),
(149, 9),
(149, 14),
(150, 1),
(150, 2),
(150, 6),
(151, 2),
(151, 6),
(151, 20),
(152, 1),
(152, 5),
(152, 6),
(153, 6),
(153, 7),
(153, 8),
(154, 5),
(154, 6),
(155, 4),
(155, 15),
(155, 18),
(156, 1),
(156, 5),
(156, 6),
(157, 5),
(157, 6),
(157, 14),
(158, 5),
(158, 10),
(159, 6),
(159, 18),
(160, 1),
(160, 5),
(160, 6),
(161, 4),
(161, 6),
(162, 6),
(163, 6),
(164, 6),
(164, 15),
(165, 6),
(166, 1),
(166, 2),
(166, 14),
(167, 1),
(167, 2),
(167, 16),
(168, 1),
(168, 2),
(168, 13),
(169, 1),
(169, 5),
(169, 13),
(170, 1),
(170, 2),
(170, 13),
(171, 1),
(171, 2),
(171, 14),
(172, 1),
(172, 4),
(172, 15),
(173, 6),
(173, 9),
(173, 14),
(174, 6),
(174, 14),
(174, 19),
(175, 1),
(175, 2),
(175, 14),
(176, 2),
(176, 16),
(176, 14),
(177, 5),
(177, 6),
(177, 14),
(178, 1),
(178, 6),
(178, 9),
(179, 1),
(179, 13),
(179, 16),
(180, 8),
(180, 13),
(180, 15),
(181, 1),
(181, 2),
(181, 14),
(182, 6),
(183, 6),
(183, 13),
(183, 14),
(184, 4),
(184, 6),
(184, 15),
(185, 1),
(185, 2),
(185, 14),
(186, 6),
(186, 8),
(186, 10),
(187, 6),
(187, 13),
(187, 14),
(188, 6),
(188, 14),
(189, 2),
(189, 6),
(189, 15),
(190, 1),
(190, 6),
(190, 18),
(191, 3),
(191, 6),
(191, 19),
(192, 6),
(193, 4),
(193, 6),
(193, 15),
(194, 6),
(194, 18),
(195, 1),
(195, 6),
(195, 15),
(196, 2),
(196, 8),
(196, 15),
(197, 6),
(197, 15),
(197, 18),
(198, 4),
(198, 5),
(198, 6),
(199, 5),
(199, 6),
(200, 6),
(201, 6),
(201, 15),
(202, 3),
(202, 5),
(202, 6),
(203, 4),
(204, 4),
(204, 15),
(205, 1),
(205, 6),
(205, 14),
(206, 6),
(206, 9),
(206, 19),
(207, 1),
(207, 6),
(207, 19),
(208, 4),
(208, 6),
(208, 15),
(209, 4),
(209, 6),
(209, 15),
(210, 1),
(210, 5),
(210, 6),
(211, 5),
(211, 6),
(211, 14),
(212, 1),
(212, 5),
(212, 6),
(213, 6),
(213, 15),
(214, 3),
(214, 6),
(215, 6),
(216, 5),
(216, 6),
(216, 13),
(217, 6),
(217, 15),
(218, 5),
(218, 6),
(218, 13),
(219, 4),
(219, 15),
(220, 1),
(220, 5),
(220, 6),
(221, 5),
(221, 6),
(222, 5),
(222, 6),
(223, 6),
(223, 15),
(224, 5),
(224, 6),
(224, 13),
(225, 5),
(225, 6),
(225, 13),
(226, 5),
(226, 6),
(227, 6),
(227, 14),
(228, 5),
(228, 6),
(228, 14),
(229, 1),
(229, 5),
(229, 14),
(230, 1),
(230, 5),
(230, 14),
(231, 6),
(232, 4),
(232, 6),
(233, 6),
(234, 4),
(234, 15),
(235, 6),
(235, 14),
(236, 1),
(236, 5),
(236, 6),
(237, 2),
(237, 3),
(237, 6),
(238, 6),
(238, 7),
(239, 5),
(239, 6),
(239, 14),
(240, 6),
(240, 15),
(241, 3),
(241, 6),
(241, 11),
(242, 2),
(242, 4),
(242, 6),
(243, 5),
(243, 6),
(243, 13),
(244, 4),
(244, 6),
(245, 6),
(246, 4),
(246, 6),
(246, 15),
(247, 4),
(247, 5),
(247, 12),
(248, 6),
(248, 14),
(249, 6),
(249, 10),
(249, 13),
(250, 4),
(250, 6),
(250, 15),
(251, 6),
(251, 15),
(252, 4),
(252, 15),
(254, 5),
(254, 6),
(254, 14),
(255, 5),
(255, 6),
(255, 13),
(256, 1),
(256, 2),
(256, 15),
(257, 6),
(257, 15),
(258, 6),
(258, 15),
(259, 6),
(259, 13),
(259, 15),
(260, 6),
(260, 14),
(261, 6),
(262, 4),
(262, 15),
(263, 1),
(263, 5),
(263, 6),
(264, 5),
(264, 6),
(264, 15),
(265, 6),
(266, 5),
(266, 6),
(266, 11),
(267, 1),
(267, 6),
(267, 15),
(268, 6),
(268, 15),
(269, 5),
(269, 6),
(269, 13),
(270, 6),
(270, 19),
(271, 6),
(271, 15),
(272, 1),
(272, 2),
(272, 13),
(273, 2),
(273, 16),
(273, 14),
(274, 4),
(274, 15),
(275, 6),
(275, 7),
(276, 6),
(276, 11),
(277, 2),
(277, 13),
(277, 16),
(278, 1),
(278, 6),
(278, 14),
(279, 6),
(279, 7),
(280, 4),
(280, 5),
(280, 13),
(281, 4),
(281, 7),
(281, 8),
(282, 5),
(282, 6),
(283, 6),
(284, 6),
(284, 10),
(284, 14),
(285, 6),
(285, 15),
(286, 3),
(286, 6),
(286, 11),
(287, 3),
(287, 6),
(287, 15),
(288, 6),
(289, 5),
(289, 6),
(289, 13),
(290, 4),
(290, 15),
(291, 4),
(291, 6),
(291, 15),
(292, 5),
(292, 6),
(292, 13),
(293, 6),
(293, 13),
(293, 14),
(294, 4),
(294, 6),
(294, 7),
(295, 5),
(295, 6),
(295, 13),
(296, 6),
(297, 5),
(297, 6),
(298, 5),
(298, 6),
(298, 14),
(299, 3),
(299, 6),
(300, 4),
(300, 6),
(301, 6),
(301, 13),
(301, 14),
(302, 6),
(302, 15),
(303, 1),
(303, 4),
(303, 5),
(304, 21),
(305, 21),
(306, 21),
(307, 21),
(308, 3),
(309, 21),
(310, 2),
(310, 8),
(310, 13),
(311, 1),
(311, 5),
(311, 6),
(312, 6),
(312, 15),
(313, 6),
(313, 2),
(313, 4),
(314, 6),
(314, 15),
(315, 3),
(315, 6),
(315, 18),
(316, 10),
(316, 13),
(316, 14),
(317, 2),
(317, 6),
(317, 15),
(318, 1),
(318, 2),
(318, 15),
(319, 1),
(319, 6),
(319, 9),
(320, 4),
(320, 5),
(320, 14),
(321, 4),
(321, 6),
(321, 15),
(322, 2),
(322, 7),
(322, 8),
(838, 6),
(838, 13),
(839, 3),
(839, 4),
(839, 6),
(840, 4),
(840, 6),
(841, 6),
(842, 6),
(843, 3),
(843, 6),
(843, 9),
(844, 6),
(844, 13),
(844, 14),
(845, 6),
(845, 15),
(846, 4),
(846, 6),
(846, 15),
(847, 3),
(847, 5),
(847, 6),
(848, 4),
(848, 6),
(849, 5),
(849, 6),
(849, 13),
(850, 4),
(850, 6),
(850, 15),
(851, 6),
(851, 11),
(851, 15),
(852, 4),
(852, 6),
(853, 6),
(853, 10),
(853, 14),
(854, 4),
(854, 6),
(855, 3),
(855, 6),
(855, 15),
(856, 4),
(856, 6),
(856, 8),
(857, 4),
(857, 6),
(857, 15),
(858, 5),
(858, 6),
(858, 13),
(323, 5),
(323, 6),
(323, 14),
(324, 6),
(324, 5),
(325, 6),
(326, 15),
(326, 6),
(327, 6),
(328, 6),
(328, 15),
(329, 4),
(329, 6),
(330, 4),
(330, 6),
(331, 4),
(331, 6),
(331, 16),
(332, 1),
(332, 6),
(332, 5),
(333, 1),
(333, 2),
(333, 13),
(861, 1),
(861, 5),
(861, 6),
(334, 6),
(334, 4),
(335, 3),
(335, 6),
(336, 4),
(336, 15),
(337, 6),
(338, 1),
(338, 3),
(338, 6),
(339, 16),
(339, 2),
(339, 6),
(340, 3),
(340, 6),
(341, 6),
(342, 4),
(342, 6),
(343, 5),
(343, 6),
(343, 14),
(344, 4),
(344, 5),
(344, 6),
(345, 5),
(345, 6),
(345, 14),
(346, 4),
(346, 8),
(346, 15),
(347, 4),
(348, 4),
(348, 1),
(348, 2),
(349, 6),
(349, 18),
(350, 4),
(350, 15),
(351, 6),
(351, 18),
(351, 14),
(352, 1),
(352, 2),
(352, 4),
(353, 4),
(353, 15),
(354, 5),
(354, 6),
(354, 14),
(355, 4),
(355, 15),
(356, 1),
(356, 19),
(357, 4),
(357, 6),
(358, 1),
(358, 5),
(358, 6),
(359, 6),
(359, 9),
(859, 6),
(859, 13),
(859, 16),
(360, 1),
(360, 10),
(360, 16),
(361, 6),
(362, 1),
(362, 5),
(362, 6),
(363, 3),
(363, 6),
(363, 18),
(364, 4),
(364, 7),
(364, 8),
(365, 6),
(366, 5),
(366, 6),
(367, 4),
(368, 3),
(368, 6),
(368, 11),
(369, 4),
(369, 5),
(369, 6),
(370, 5),
(370, 6),
(370, 13),
(371, 4),
(371, 6),
(371, 15),
(372, 4),
(373, 3),
(373, 6),
(373, 15),
(374, 13),
(374, 14),
(375, 13),
(375, 15),
(375, 14),
(376, 6),
(377, 5),
(377, 6),
(377, 14),
(378, 6),
(378, 15),
(380, 6),
(380, 15),
(381, 5),
(381, 13),
(381, 14),
(382, 1),
(382, 4),
(382, 5),
(383, 6),
(384, 10),
(385, 6),
(385, 8),
(385, 10),
(386, 1),
(386, 14),
(387, 1),
(387, 6),
(387, 14),
(388, 6),
(388, 15),
(389, 6),
(389, 13),
(389, 14),
(390, 1),
(390, 4),
(390, 8),
(391, 4),
(391, 6),
(391, 15),
(392, 6),
(393, 1),
(393, 5),
(393, 6),
(394, 6),
(394, 15),
(394, 19),
(395, 6),
(395, 15),
(396, 6),
(397, 6),
(398, 6),
(398, 14),
(399, 4),
(399, 6),
(399, 11),
(400, 6),
(401, 4),
(401, 6),
(402, 6),
(403, 3),
(403, 6),
(404, 4),
(404, 5),
(404, 14),
(405, 4),
(406, 5),
(406, 6),
(406, 14),
(407, 3),
(407, 6),
(408, 1),
(408, 5),
(408, 6),
(409, 6),
(409, 15),
(410, 6),
(410, 8),
(410, 15),
(411, 4),
(411, 5),
(411, 15),
(412, 1),
(412, 6),
(412, 13),
(413, 4),
(413, 6),
(413, 16),
(414, 6),
(414, 13),
(414, 14),
(415, 5),
(415, 6),
(416, 6),
(416, 18),
(417, 3),
(417, 6),
(417, 14),
(418, 6),
(418, 13),
(418, 14),
(419, 3),
(419, 5),
(419, 6),
(420, 6),
(421, 6),
(422, 5),
(422, 6),
(422, 14),
(423, 6),
(424, 5),
(424, 6),
(424, 13),
(425, 4),
(425, 6),
(425, 15),
(426, 1),
(426, 4),
(426, 5),
(427, 5),
(427, 6),
(427, 13),
(428, 2),
(428, 6),
(428, 9),
(429, 5),
(429, 6),
(430, 5),
(430, 6),
(430, 13),
(431, 5),
(431, 6),
(431, 14),
(432, 6),
(432, 15),
(433, 3),
(433, 5),
(433, 6),
(434, 5),
(434, 6),
(435, 3),
(435, 5),
(435, 6),
(436, 6),
(437, 5),
(437, 6),
(438, 6),
(439, 3),
(439, 4),
(439, 6),
(440, 6),
(440, 15),
(441, 1),
(441, 6),
(441, 19),
(442, 5),
(442, 6),
(442, 14),
(443, 3),
(443, 6),
(443, 9),
(444, 1),
(444, 2),
(444, 10),
(445, 5),
(445, 14),
(446, 3),
(446, 6),
(446, 18),
(447, 6),
(447, 8),
(448, 2),
(448, 6),
(448, 19),
(449, 6),
(449, 8),
(449, 15),
(450, 3),
(450, 5),
(450, 6),
(451, 6),
(452, 1),
(452, 4),
(452, 5),
(453, 2),
(455, 4),
(455, 15),
(454, 22),
(454, 2),
(454, 4),
(456, 1),
(456, 5),
(456, 14),
(457, 2),
(457, 4),
(457, 5),
(458, 4),
(458, 5),
(459, 6),
(460, 6),
(460, 8),
(460, 15),
(461, 6),
(461, 15),
(462, 2),
(462, 3),
(462, 6),
(463, 1),
(463, 5),
(463, 6),
(464, 5),
(464, 6),
(464, 14),
(465, 13),
(465, 16),
(465, 14),
(466, 5),
(466, 6),
(466, 13),
(467, 6),
(467, 15),
(467, 19),
(468, 5),
(468, 6),
(468, 15),
(469, 5),
(469, 6),
(469, 14),
(470, 6),
(471, 2),
(471, 5),
(471, 6),
(472, 6),
(472, 18),
(473, 6),
(473, 5),
(474, 4),
(474, 5),
(474, 10),
(475, 1),
(475, 6),
(475, 20),
(476, 6),
(476, 15),
(477, 4),
(477, 6),
(478, 1),
(478, 2),
(478, 8),
(479, 1),
(479, 2),
(479, 8),
(480, 2),
(480, 4),
(480, 8),
(481, 4),
(481, 15),
(482, 6),
(482, 14),
(483, 4),
(483, 6),
(484, 6),
(484, 14),
(484, 19),
(485, 6),
(486, 3),
(486, 6),
(486, 9),
(487, 4),
(487, 7),
(487, 8),
(488, 2),
(488, 4),
(488, 6),
(489, 6),
(489, 15),
(490, 3),
(490, 6),
(490, 9),
(491, 4),
(491, 6),
(491, 15),
(492, 1),
(492, 6),
(492, 14),
(493, 4),
(493, 6),
(494, 1),
(494, 2),
(494, 8),
(495, 13),
(495, 14),
(496, 6),
(496, 15),
(497, 4),
(497, 6),
(497, 15),
(498, 2),
(498, 6),
(498, 8),
(499, 1),
(499, 2),
(499, 8),
(500, 4),
(500, 6),
(501, 1),
(501, 2),
(501, 8),
(502, 4),
(502, 16),
(503, 4),
(503, 12),
(503, 15),
(504, 4),
(504, 6),
(504, 15),
(505, 5),
(505, 6),
(505, 14);

-- --------------------------------------------------------

--
-- Table structure for table `file_import`
--

CREATE TABLE `file_import` (
  `id` bigint(20) NOT NULL,
  `blob_csv` longtext
) ENGINE=InnoDB DEFAULT CHARSET=latin1;

-- --------------------------------------------------------

--
-- Table structure for table `genre`
--

CREATE TABLE `genre` (
  `id` bigint(20) NOT NULL,
  `genre_name` varchar(255) DEFAULT NULL
) ENGINE=InnoDB DEFAULT CHARSET=latin1;

--
-- Dumping data for table `genre`
--

INSERT INTO `genre` (`id`, `genre_name`) VALUES
(1, 'Action'),
(2, 'Adventure'),
(3, 'Biography'),
(4, 'Comedy'),
(5, 'Crime'),
(6, 'Drama'),
(7, 'Family'),
(8, 'Fantasy'),
(9, 'History'),
(10, 'Horror'),
(11, 'Music'),
(12, 'Musical'),
(13, 'Mystery'),
(14, 'Thriller'),
(15, 'Romance'),
(16, 'Sci-Fi'),
(17, 'Short'),
(18, 'Sport'),
(19, 'War'),
(20, 'Western'),
(21, 'Documentary'),
(22, 'Animation');

--
-- Indexes for dumped tables
--

--
-- Indexes for table `actor`
--
ALTER TABLE `actor`
  ADD PRIMARY KEY (`id`);

--
-- Indexes for table `dvd`
--
ALTER TABLE `dvd`
  ADD PRIMARY KEY (`id`),
  ADD UNIQUE KEY `UK_ledc510bx03rbjl99nsfo3cjg` (`title`);

--
-- Indexes for table `dvd_actors`
--
ALTER TABLE `dvd_actors`
  ADD KEY `FK2yo7m47947ppsdllylf5khvs1` (`actors_id`),
  ADD KEY `FK95xbbg7u34q8i8vlrq1rgmwec` (`dvd_id`);

--
-- Indexes for table `dvd_genres`
--
ALTER TABLE `dvd_genres`
  ADD KEY `FK51fjxghi23iovircv5dppmxp4` (`genres_id`),
  ADD KEY `FK8sxa583q993twy6q615u093e3` (`dvd_id`);

--
-- Indexes for table `file_import`
--
ALTER TABLE `file_import`
  ADD PRIMARY KEY (`id`);

--
-- Indexes for table `genre`
--
ALTER TABLE `genre`
  ADD PRIMARY KEY (`id`);

--
-- AUTO_INCREMENT for dumped tables
--

--
-- AUTO_INCREMENT for table `actor`
--
ALTER TABLE `actor`
  MODIFY `id` bigint(20) NOT NULL AUTO_INCREMENT, AUTO_INCREMENT=33;
--
-- AUTO_INCREMENT for table `dvd`
--
ALTER TABLE `dvd`
  MODIFY `id` bigint(20) NOT NULL AUTO_INCREMENT, AUTO_INCREMENT=862;
--
-- AUTO_INCREMENT for table `file_import`
--
ALTER TABLE `file_import`
  MODIFY `id` bigint(20) NOT NULL AUTO_INCREMENT;
--
-- AUTO_INCREMENT for table `genre`
--
ALTER TABLE `genre`
  MODIFY `id` bigint(20) NOT NULL AUTO_INCREMENT, AUTO_INCREMENT=23;
--
-- Constraints for dumped tables
--

--
-- Constraints for table `dvd_actors`
--
ALTER TABLE `dvd_actors`
  ADD CONSTRAINT `FK2yo7m47947ppsdllylf5khvs1` FOREIGN KEY (`actors_id`) REFERENCES `actor` (`id`),
  ADD CONSTRAINT `FK95xbbg7u34q8i8vlrq1rgmwec` FOREIGN KEY (`dvd_id`) REFERENCES `dvd` (`id`);

--
-- Constraints for table `dvd_genres`
--
ALTER TABLE `dvd_genres`
  ADD CONSTRAINT `FK51fjxghi23iovircv5dppmxp4` FOREIGN KEY (`genres_id`) REFERENCES `genre` (`id`),
  ADD CONSTRAINT `FK8sxa583q993twy6q615u093e3` FOREIGN KEY (`dvd_id`) REFERENCES `dvd` (`id`);

/*!40101 SET CHARACTER_SET_CLIENT=@OLD_CHARACTER_SET_CLIENT */;
/*!40101 SET CHARACTER_SET_RESULTS=@OLD_CHARACTER_SET_RESULTS */;
/*!40101 SET COLLATION_CONNECTION=@OLD_COLLATION_CONNECTION */;
