-- phpMyAdmin SQL Dump
-- version 4.6.5.2
-- https://www.phpmyadmin.net/
--
-- Host: 127.0.0.1
-- Generation Time: Apr 04, 2017 at 08:07 PM
-- Server version: 10.1.21-MariaDB
-- PHP Version: 5.6.30

SET SQL_MODE = "NO_AUTO_VALUE_ON_ZERO";
SET time_zone = "+00:00";


/*!40101 SET @OLD_CHARACTER_SET_CLIENT=@@CHARACTER_SET_CLIENT */;
/*!40101 SET @OLD_CHARACTER_SET_RESULTS=@@CHARACTER_SET_RESULTS */;
/*!40101 SET @OLD_COLLATION_CONNECTION=@@COLLATION_CONNECTION */;
/*!40101 SET NAMES utf8mb4 */;

--
-- Database: `databasedvd`
--

-- --------------------------------------------------------

--
-- Table structure for table `actor`
--

CREATE TABLE `actor` (
  `id` bigint(20) NOT NULL,
  `first_name` varchar(255) DEFAULT NULL,
  `last_name` varchar(255) DEFAULT NULL
) ENGINE=InnoDB DEFAULT CHARSET=latin1;

--
-- Dumping data for table `actor`
--

INSERT INTO `actor` (`id`, `first_name`, `last_name`) VALUES
(1, 'Maria', 'Bello'),
(2, 'Monica', 'Bellucci'),
(3, 'Halle', 'Berry'),
(4, 'Lorraine', 'Bracco'),
(5, 'Amy', 'Brenneman'),
(6, 'Evelyne', 'Brochu'),
(7, 'George', 'Clooney'),
(8, 'Kevin', 'Costner'),
(9, 'Tom', 'Cruise'),
(10, 'Dana', 'Delany'),
(11, 'Andy', 'Garcia'),
(12, 'Richard', 'Gere'),
(13, 'Ashley', 'Judd'),
(14, 'Lisa', 'Ling'),
(15, 'Heath', 'Ledger'),
(16, 'Laura', 'Linney'),
(17, 'Matthew', 'McConaughey'),
(18, 'Elizabeth', 'Mitchell'),
(19, 'Lena', 'Olin'),
(20, 'Al', 'Pacino'),
(21, 'Natalie', 'Portman'),
(22, 'Julia', 'Roberts'),
(23, 'Elisabeth', 'Shue'),
(24, 'Meryl', 'Streep'),
(25, 'John', 'Travolta'),
(26, 'Lindsay', 'Wagner'),
(27, 'Paul', 'Walker'),
(28, 'Denzel', ' Washington'),
(29, 'Signourney', 'Weaver'),
(31, 'Bruce', 'Willis'),
(32, 'Robin', 'Wright'),
(69, 'Brad', 'Pitt');

-- --------------------------------------------------------

--
-- Table structure for table `dvd`
--

CREATE TABLE `dvd` (
  `id` bigint(20) NOT NULL,
  `bonus` bit(1) NOT NULL,
  `origin` varchar(255) DEFAULT NULL,
  `remarks` varchar(255) DEFAULT NULL,
  `title` varchar(255) NOT NULL,
  `year` int(11) NOT NULL
) ENGINE=InnoDB DEFAULT CHARSET=latin1;

--
-- Dumping data for table `dvd`
--

INSERT INTO `dvd` (`id`, `bonus`, `origin`, `remarks`, `title`, `year`) VALUES
(1, b'1', ' ', '  ', 'Lights Out', 2016),
(2, b'1', 'DVD', '  ', 'The Confirmation', 2016),
(3, b'1', 'DVD', '  ', 'The 5th Wave', 2016),
(4, b'1', 'DVD', '  ', 'Bravetown/Strings', 2015),
(5, b'1', 'DVD', '  ', 'Demonic ', 2015),
(6, b'1', 'DVDR', '  ', 'McFarland, USA', 2015),
(7, b'1', 'DVDR', '  ', 'Big Driver', 2014),
(8, b'1', 'DVD', '  ', 'Third Person', 2013),
(9, b'1', 'DVDR', '  ', 'Prisoners', 2013),
(10, b'1', 'DVD', '  ', 'Grown Ups 2', 2013),
(11, b'1', 'DVD', '  ', 'Carjacked', 2011),
(12, b'1', 'DVD', '  ', 'Abduction', 2011),
(13, b'1', 'DVD', '  ', 'Beautiful Boy', 2010),
(14, b'1', 'DVD', '  ', 'Grown Ups', 2010),
(15, b'1', 'DVD', '  ', 'The Company Men', 2010),
(16, b'1', 'DVD', '  ', 'The Private Lives of Pippa Lee', 2009),
(17, b'1', 'DVD', '  ', 'The Mummy: Tomb of the Dragon Emperor', 2008),
(18, b'1', 'DVD', 'NTSC Decrypted version available ', 'Downloading Nancy', 2008),
(19, b'1', 'DVD', 'NTSC Decrypted version available ', 'The Yellow Handkerchief', 2008),
(20, b'1', 'DVD', '  ', 'The Jane Austen Book Club', 2007),
(21, b'1', 'DVD', '  ', 'Nothing Is Private/Towelhead', 2007),
(22, b'1', 'DVD', '  ', 'Butterfly on a Wheel', 2007),
(23, b'1', 'DVD', '  ', 'Flicka', 2006),
(24, b'1', 'DVD', '2-DVDs ', 'World Trade Center', 2006),
(25, b'1', 'DVD', '  ', 'Thank You for Smoking', 2005),
(26, b'1', 'DVD', '  ', 'A History of Violence', 2005),
(27, b'1', 'DVD', '  ', 'The Dark', 2005),
(28, b'1', 'DVD', 'No dutch subtitles ', 'The Sisters', 2005),
(29, b'1', 'DVD', '  ', 'Assault on Precinct 13', 2005),
(30, b'1', 'DVDR', '  ', 'Silver City', 2004),
(31, b'1', 'DVD', '  ', 'Secret Window', 2004),
(32, b'1', 'DVD', '  ', 'The Cooler', 2003),
(33, b'1', 'DVD', '  ', '100 Mile Rule', 2002),
(34, b'1', 'DVD', '  ', 'Auto Focus', 2002),
(35, b'1', 'DVD', 'No dutch subtitles ', 'Duets', 2000),
(36, b'1', 'DVD', '  ', 'Coyote Ugly', 2000),
(37, b'1', 'DVD', '  ', 'Sam the Man', 2000),
(38, b'1', 'DVD', '  ', 'Payback', 1999),
(39, b'1', 'DVD', '  ', 'Permanent Midnight', 1998),
(40, b'1', 'DVD', ' ', 'The Brothers Grimm', 2005),
(41, b'1', 'DVD', ' ', 'She Hate Me', 2004),
(42, b'1', 'DVDR', ' ', 'The Passion of the Christ', 2004),
(43, b'1', 'TV', ' ', 'The Matrix Revolutions', 2003),
(44, b'1', 'TV', ' ', 'The Matrix Reloaded', 2003),
(45, b'1', 'DVD', ' ', 'Tears of the Sun', 2003),
(46, b'1', 'DVD', ' ', 'Irréversible', 2002),
(47, b'1', 'DVD', ' ', 'Astérix & Obélix: Mission Cléopâtre', 2002),
(48, b'1', 'DVD', ' ', 'Brotherhood of the Wolf', 2001),
(49, b'1', 'DVD', ' ', 'Malèna', 2000),
(50, b'1', 'DVD', ' ', 'Under Suspicion', 2000),
(51, b'1', 'TV', ' ', 'L appartement', 1996),
(52, b'1', 'DVD', ' 2-DVD', 'Dracula', 1992),
(53, b'1', 'DVDR', ' ', 'The Call', 2013),
(54, b'1', 'DVDR', ' ', 'Dark Tide', 2012),
(55, b'1', 'DVDR', '', 'New Year s Eve', 2011),
(56, b'1', 'DVDR', ' ', 'Frankie and Alice', 2010),
(57, b'1', 'DVD ', ' ', 'Things We Lost in the Fire', 2007),
(58, b'1', 'DVD ', ' ', 'Perfect Stranger', 2007),
(59, b'1', 'DVD ', ' ', 'Their Eyes Were Watching God', 2005),
(60, b'1', 'TV ', ' ', 'Catwoman', 2004),
(61, b'1', 'TV ', ' ', 'Gothika', 2003),
(62, b'1', 'DVD ', '2-DVDs ', 'Die Another Day', 2002),
(63, b'1', 'DVD ', ' ', 'Monster s Ball', 2001),
(64, b'1', 'DVD ', ' ', 'Swordfish', 2001),
(65, b'1', 'TV ', ' ', 'Race the Sun', 1996),
(66, b'1', 'DVD ', ' ', 'Executive Decision', 1996),
(67, b'1', 'TV ', ' ', 'Boomerang', 1992),
(68, b'1', 'DVD ', ' ', 'The Last Boy Scout', 1991),
(69, b'1', 'DVD', ' ', 'Riding in Cars with Boys', 2001),
(70, b'1', 'DVD', 'No subtitles ', 'Custody of the Heart', 2000),
(71, b'1', 'DVD', ' ', 'Ladies Room', 1999),
(72, b'1', 'DVD', 'NTSC Decrypted version available ', 'Silent Cradle', 1997),
(73, b'1', 'DVD', 'No subtitles ', 'The Basketball Diaries', 1995),
(74, b'1', 'DVD', 'No subtitles ', 'Getting Gotti', 1994),
(75, b'1', 'DVD', 'NTSC Decrypted version available ', 'Being Human', 1994),
(76, b'1', 'DVD', 'NTSC Decrypted version available ', 'Traces of Red', 1992),
(77, b'1', 'DVD', ' ', 'Radio Flyer', 1992),
(78, b'1', 'DVDR', ' ', 'Medicine Man', 1992),
(79, b'1', 'DVDR', ' ', 'Switch', 1991),
(80, b'1', 'DVD', ' ', 'Talent for the Game', 1991),
(81, b'1', 'DVD', ' ', 'Goodfellas', 1990),
(82, b'1', 'DVD', 'No subtitles ', 'Up to Date/ In una notte di chiaro di luna', 1989),
(83, b'1', 'DVD', ' ', 'Someone to Watch Over Me', 1987),
(103, b'1', 'DVD', ' ', '88 Minutes', 2007),
(104, b'1', 'DVD', ' ', 'Nine Lives', 2005),
(105, b'1', 'DVD', ' ', 'Off the Map', 2003),
(106, b'1', 'DVD', ' ', 'Things You Can Tell Just by Looking at Her', 2000),
(107, b'1', 'DVD', 'No dutch subtitles', 'Your Friends & Neighbors', 1998),
(108, b'1', 'DVD', ' ', 'Lesser Prophets', 1997),
(109, b'1', 'DVD', ' ', 'Fear', 1996),
(110, b'1', 'DVD', ' ', 'Heat', 1995),
(111, b'1', 'DVD', ' ', 'Bye Bye Love', 1995),
(112, b'1', ' ', ' ', 'Money Monster', 2016),
(113, b'1', 'DVDR', ' ', 'Hail, Caesar!', 2016),
(114, b'1', 'DVD ', ' ', 'Project T Tomorrowland', 2015),
(115, b'1', 'DVD', ' ', 'The Monuments Men', 2014),
(116, b'1', 'DVD', ' ', 'Gravity', 2013),
(117, b'1', 'DVD', ' ', 'The Descendants', 2011),
(118, b'1', 'DVD', ' ', 'The Ides of March', 2011),
(119, b'1', 'DVD', ' ', 'The American', 2010),
(120, b'1', 'DVDR', ' ', 'The Men Who Stare at Goats', 2009),
(121, b'1', 'DVD', ' ', 'Up in the Air', 2009),
(122, b'1', 'DVD', ' ', 'Burn After Reading', 2008),
(123, b'1', 'DVDR', ' ', 'Leatherheads', 2008),
(124, b'1', 'DVD', ' ', 'Michael Clayton', 2007),
(125, b'1', 'DVD', ' ', 'Ocean s Thirteen', 2007),
(126, b'1', 'DVD', ' ', 'The Good German', 2006),
(127, b'1', 'DVD', ' ', 'Syriana', 2005),
(128, b'1', 'DVD', ' ', 'Good Night, and Good Luck', 2005),
(129, b'1', 'DVD', '  ', 'Ocean s Twelve', 2004),
(130, b'1', 'DVD', '  ', 'Intolerable Cruelty', 2003),
(131, b'1', 'TELE2', ' ', 'Confessions of a Dangerous Mind', 2002),
(132, b'1', 'DVD', ' ', 'Solaris', 2002),
(133, b'1', 'DVD', ' ', 'Ocean s Eleven', 2001),
(134, b'1', 'DVD', ' ', 'The Perfect Storm', 2000),
(135, b'1', 'TV', ' ', 'Three Kings', 1999),
(136, b'1', 'DVDR', ' ', 'The Thin Red Line', 1998),
(137, b'1', 'DVDR', ' ', 'Out of Sight', 1998),
(138, b'1', 'DVD', ' ', 'The Peacemaker', 1997),
(139, b'1', 'DVD', ' ', 'One Fine Day', 1996),
(140, b'1', 'DVD', '2-disc special edition', 'From Dusk Till Dawn', 1996),
(141, b'1', 'DVDR', ' ', 'Red Surf', 1989),
(186, b'1', 'DVDR', ' ', 'Criminal', 2016),
(187, b'1', ' ', ' ', 'Black or White', 2014),
(188, b'1', ' ', ' ', 'Draft Day', 2014),
(189, b'1', 'DVD ', ' ', '3 Days to Kill', 2014),
(190, b'1', 'DVD ', ' ', 'Jack Ryan: Shadow Recruit', 2014),
(191, b'1', 'DVDR', ' ', 'Man of Steel', 2013),
(192, b'1', 'DVDR', ' ', 'The New Daughter', 2009),
(193, b'1', 'DVD ', ' ', 'Swing Vote', 2008),
(194, b'1', 'DVDR', ' ', 'Mr. Brooks', 2007),
(195, b'1', 'DVDR', ' ', 'The Guardian', 2006),
(196, b'1', 'TV ', ' ', 'Rumor Has It...', 2005),
(197, b'1', 'DVDR', ' ', 'The Upside of Anger', 2005),
(198, b'1', 'DVDR', ' ', 'Open Range', 2003),
(199, b'1', 'DVD ', ' ', 'Dragonfly', 2002),
(200, b'1', 'DVDR', ' ', '3000 Miles to Graceland', 2001),
(201, b'1', 'TV ', ' ', 'Thirteen Days', 2000),
(202, b'1', 'TV ', ' ', 'Play It to the Bone', 1999),
(203, b'1', ' ', '   ', 'For Love of the Game', 1999),
(204, b'1', 'DVDR', ' ', 'Message in a Bottle', 1999),
(205, b'1', ' ', ' ', 'The Postman', 1997),
(206, b'1', 'TV ', ' ', 'Tin Cup', 1996),
(207, b'1', 'DVDR', ' ', 'Waterworld', 1995),
(208, b'1', 'DVDR', ' ', 'The War', 1994),
(209, b'1', 'DVDR', ' ', 'Wyatt Earp', 1994),
(210, b'1', 'DVDR', ' ', 'A Perfect World', 1993),
(211, b'1', 'DVDR', ' ', 'The Bodyguard', 1992),
(212, b'1', 'DVDR', ' ', 'JFK', 1991),
(213, b'1', 'DVDR', '', 'Robin Hood: Prince of Thieves', 1991),
(214, b'1', 'DVD ', '3-DVDs ', 'Dances with Wolves', 1990),
(215, b'1', 'DVDR', ' ', 'Revenge', 1990),
(216, b'1', 'DVDR', ' ', 'Field of Dreams', 1989),
(217, b'1', ' ', ' ', 'The Gunrunner', 1989),
(218, b'1', 'TV ', ' ', 'Bull Durham', 1988),
(219, b'1', 'DVDR', ' ', 'No Way Out', 1987),
(220, b'1', ' ', ' ', 'The Untouchables', 1987),
(221, b'1', ' ', ' ', 'Shadows Run Black', 1986),
(222, b'1', ' ', ' ', 'American Flyers', 1985),
(223, b'1', 'DVDR', ' ', 'Silverado', 1985),
(224, b'1', ' ', ' ', 'Fandango', 1985),
(225, b'1', ' ', ' ', 'Testament', 1983),
(226, b'1', ' ', ' ', 'Stacy s Knights', 1983),
(227, b'1', ' ', ' ', 'Table for Five', 1983),
(228, b'1', ' ', ' ', 'Chasing Dreams', 1982),
(229, b'1', 'DVD', ' ', 'Mission: Impossible - Rogue Nation', 2015),
(230, b'1', 'DVD', ' ', 'Edge of Tomorrow', 2014),
(231, b'1', 'DVD', ' ', 'Oblivion', 2013),
(232, b'1', 'DVD', ' ', 'Jack Reacher', 2012),
(233, b'1', 'DVD', ' ', 'Rock of Ages', 2012),
(234, b'1', 'DVD', ' ', 'Mission: Impossible - Ghost Protocol', 2011),
(235, b'1', 'DVD', ' ', 'Knight and Day', 2010),
(236, b'1', 'DVD', ' ', 'Valkyrie', 2008),
(237, b'1', 'DVD', ' ', 'Lions for Lambs', 2007),
(238, b'1', 'DVD', ' ', 'Mission: Impossible III', 2006),
(239, b'1', 'DVD', '2-DVDs', 'War of the Worlds', 2005),
(240, b'1', 'DVD', '2-DVDs', 'Collateral', 2004),
(241, b'1', 'DVD', '2-DVDs', 'The Last Samurai', 2003),
(242, b'1', 'DVD', '2-DVDs', 'Minority Report', 2002),
(243, b'1', 'DVD', ' ', 'Vanilla Sky', 2001),
(244, b'1', 'DVD', ' ', 'Mission: Impossible II', 2000),
(245, b'1', 'DVD', ' ', 'Magnolia', 1999),
(246, b'0', 'DVD', ' ', 'Eyes Wide Shut', 1999),
(247, b'1', 'DVD', ' ', 'Jerry Maguire', 1996),
(248, b'1', 'DVD', ' ', 'Mission: Impossible', 1996),
(249, b'1', 'DVD', ' ', 'Interview with the Vampire', 1994),
(250, b'1', 'DVD', ' ', 'The Firm', 1993),
(251, b'1', 'DVD', ' ', 'A Few Good Men', 1992),
(252, b'1', 'DVD', ' ', 'Far and Away', 1992),
(253, b'1', 'DVD', ' ', 'Days of Thunder', 1990),
(254, b'1', 'DVD', ' ', 'Born on the Fourth of July', 1989),
(255, b'1', 'DVD', ' ', 'Rain Man', 1988),
(256, b'1', 'DVD', ' ', 'Cocktail', 1988),
(257, b'1', 'DVD', ' ', 'The Color of Money', 1986),
(258, b'1', 'DVD', ' ', 'Top Gun', 1986),
(259, b'1', 'TV', ' ', 'Legend', 1985),
(260, b'1', 'TV', ' ', 'All the Right Moves', 1983),
(261, b'1', 'DVD', ' ', 'Risky Business', 1983),
(262, b'1', 'DVD', ' ', 'The Outsiders', 1983),
(263, b'1', 'DVD', ' ', 'Taps', 1981),
(264, b'1', ' ', ' ', 'What About Love', 2016),
(265, b'1', ' ', ' ', 'Kill the Messenger', 2014),
(266, b'1', 'DVDR', ' ', 'Let s Be Cops', 2014),
(267, b'1', ' ', ' ', 'At Middleton', 2013),
(268, b'1', ' ', ' ', 'Open Road', 2013),
(269, b'1', ' ', ' ', 'For Greater Glory: The True Story of Cristiada', 2012),
(270, b'1', 'DVDR', ' ', '5 Days of War', 2011),
(271, b'1', 'DVDR', ' ', 'City Island', 2009),
(272, b'1', 'DVDR', ' ', 'New York, I Love You', 2009),
(273, b'1', 'DVDR', ' ', 'La Linea - The Line', 2009),
(274, b'1', 'DVDR', ' ', 'The Air I Breathe', 2007),
(275, b'1', 'DVDR', ' ', 'Smokin Aces', 2006),
(276, b'1', 'DVD', ' ', 'The Lost City', 2005),
(277, b'1', 'DVD', ' ', 'Modigliani', 2004),
(278, b'1', 'DVDR', ' ', 'The Lazarus Child', 2004),
(279, b'1', 'DVD', ' ', 'Twisted', 2004),
(280, b'1', 'TELE2', ' ', 'The Man from Elysian Fields', 2001),
(281, b'1', 'TV', ' ', 'The Unsaid', 2001),
(282, b'1', 'TELE2', ' ', 'Just the Ticket', 1999),
(283, b'1', 'TV', ' ', 'Desperate Measures', 1998),
(284, b'1', 'DVD', 'Extra features available on the english version', 'Night Falls on Manhattan', 1996),
(285, b'1', 'TV', ' ', 'Things to Do in Denver When You re Dead', 1995),
(286, b'1', 'TV', ' ', 'When a Man Loves a Woman', 1994),
(287, b'1', 'DVD', ' ', 'Jennifer Eight', 1992),
(288, b'1', 'TV', ' ', 'Dead Again', 1991),
(289, b'1', 'DVD', ' ', 'The Godfather: Part III', 1990),
(290, b'1', 'DVD', ' ', 'A Show of Force', 1990),
(291, b'1', 'DVD', ' ', 'Internal Affairs', 1990),
(292, b'1', 'TV', ' ', 'Black Rain', 1989),
(293, b'1', 'DVD', ' ', 'Blood Money', 1988),
(336, b'1', 'DVD', ' ', 'The Benefactor', 2015),
(337, b'1', 'DVD', ' ', 'The Second Best Exotic Marigold Hotel', 2015),
(338, b'1', 'DVD', 'No subtitles', 'Time Out of Mind', 2014),
(339, b'1', ' ', ' ', 'Movie 43', 2013),
(340, b'1', 'DVD', ' ', 'Arbitrage', 2012),
(341, b'1', 'DVD', ' ', 'The Double', 2011),
(342, b'1', 'DVD', ' ', 'Amelia', 2009),
(343, b'1', 'DVD', ' ', 'Hachi: A Dog s Tale', 2009),
(344, b'1', 'DVD', ' ', 'Brooklyn s Finest', 2009),
(345, b'1', 'DVD', ' ', 'Nights in Rodanthe', 2008),
(346, b'1', 'DVD', ' ', 'I m Not There', 2007),
(347, b'1', 'DVD', ' ', 'The Hunting Party', 2007),
(348, b'1', 'DVD', ' ', 'The Flock', 2007),
(349, b'1', 'DVD', ' ', 'The Hoax', 2006),
(350, b'1', 'DVD', ' ', 'Bee Season', 2005),
(351, b'1', 'DVD', ' ', 'Shall We Dance', 2004),
(352, b'1', 'DVD', 'Bonus DVDR ', 'Chicago', 2002),
(353, b'1', 'DVD', ' ', 'Unfaithful', 2002),
(354, b'1', 'DVD', '2-DVDs ', 'The Mothman Prophecies', 2002),
(355, b'1', 'DVD', ' ', 'Dr T and the Women', 2000),
(356, b'1', 'DVD', ' ', 'Autumn in New York', 2000),
(357, b'1', 'DVD', ' ', 'Runaway Bride', 1999),
(358, b'1', 'DVD', ' ', 'The Jackal', 1997),
(359, b'1', 'DVD', ' ', 'Red Corner', 1997),
(360, b'1', 'DVD', ' ', 'Primal Fear', 1996),
(361, b'1', 'DVD', ' ', 'First Knight', 1995),
(362, b'1', 'DVD', ' ', 'Intersection', 1994),
(363, b'1', 'DVD', ' ', 'Mr. Jones', 1993),
(364, b'1', 'DVD', ' ', 'Sommersby', 1993),
(365, b'1', 'DVD', ' ', 'Final Analysis', 1992),
(366, b'1', 'DVD', ' ', 'Rhapsody in August/Hachi-gatsu no kyôshikyoku', 1991),
(367, b'1', 'DVD', ' ', 'Pretty Woman', 1990),
(368, b'1', 'DVD', ' ', 'Miles from Home', 1988),
(369, b'1', 'DVD', ' ', 'No Mercy', 1986),
(370, b'1', ' ', 'Itunes', 'Power', 1986),
(371, b'1', 'DVD', ' ', 'The Cotton Club', 1984),
(372, b'1', 'DVD', ' ', 'Breathless', 1983),
(373, b'1', 'DVD', ' ', 'An Officer and a Gentleman', 1982),
(374, b'1', 'DVD', ' ', 'American Gigolo', 1980),
(375, b'1', 'DVD', ' ', 'Yanks', 1979),
(376, b'1', 'DVDR', ' ', 'Days of Heaven', 1978),
(444, b'1', ' ', ' ', 'Allegiant', 2016),
(445, b'1', ' ', '	', 'Insurgent', 2015),
(446, b'1', ' ', '	', 'Big Stone Gap', 2014),
(447, b'1', ' ', ' ', 'Dolphin Tale 2', 2014),
(448, b'1', ' ', ' ', 'The Identical', 2014),
(449, b'1', 'DVD', '	', 'Divergent', 2014),
(450, b'1', 'DVDR', ' ', 'Missing', 2012),
(451, b'1', 'DVD', '	', 'Dolphin Tale', 2011),
(452, b'1', 'DVDR', ' ', 'Flypaper', 2011),
(453, b'1', 'DVD', '	', 'Tooth Fairy', 2010),
(454, b'1', 'DVD', ' ', 'Crossing Over', 2009),
(455, b'1', 'DVDR', ' ', 'Helen', 2009),
(456, b'1', 'DVD', '	', 'Bug', 2006),
(457, b'1', 'DVD', 'No subtitles', 'Come Early Morning', 2006),
(458, b'1', 'DVD', 'Contains soundtrack CD', 'De-Lovely', 2004),
(459, b'1', 'DVD', '		 ', 'Frida', 2002),
(460, b'1', 'DVD', ' ', 'Divine Secrets of the Ya-Ya Sisterhood', 2002),
(461, b'1', 'DVD', '	', 'High Crimes', 2002),
(462, b'1', 'DVD', ' ', 'Someone Like You', 2001),
(463, b'1', 'DVD', ' ', 'Where the Heart Is', 2000),
(464, b'1', 'DVD', ' ', 'Double Jeopardy', 1999),
(465, b'1', 'DVD', ' ', 'Eye of the Beholder', 1999),
(466, b'1', 'DVD', ' ', 'Simon Birch', 1998),
(467, b'1', 'DVD', ' ', 'Kiss the Girls', 1997),
(468, b'1', 'DVD', 'NTSC	Decrypted version available', 'The Locusts', 1997),
(469, b'1', 'DVD', 'NTSC	Decrypted version available', 'Ñormal Life', 1996),
(470, b'1', 'DVD', ' ', 'A Time to Kill', 1996),
(471, b'1', 'DVD', ' ', 'Norma Jean & Marilyn', 1996),
(472, b'1', 'DVD', ' ', 'Smoke', 1995),
(473, b'1', 'DVD', ' ', 'The Passion of Darkly Noon', 1995),
(474, b'1', 'DVD', 'Spaans', 'Ruby in Paradise', 1993),
(475, b'1', 'DVD', 'NTSC	Decrypted version available', 'Kuffs', 1992),
(476, b'1', 'DVD', 'NTSC CNN	 ', 'Planet in Peril: Battle Lines', 2009),
(477, b'1', 'DVD', 'NTSC National Geographic', 'Inside North Korea', 2006),
(478, b'1', 'DVD', 'NTSC National Geographic', 'World s Most Dangerous Gang', 2006),
(479, b'1', 'DVD', 'NTSC National Geographic', 'World s Most Dangerous Drug', 2006),
(480, b'1', 'DVD', 'NTSC National Geographic', 'China s Lost Girls', 2005),
(481, b'1', 'DVD', 'NTSC National Geographic', 'The Best of Lisa Ling', 2005),
(511, b'1', 'DVDR', ' ', 'The Imaginarium of Doctor Parnassu', 2009),
(512, b'1', 'DVDR', ' ', 'The Dark Knight', 2008),
(513, b'1', 'DVD ', ' ', 'Candy', 2006),
(514, b'1', 'DVD ', ' ', 'Casanova', 2005),
(515, b'1', 'DVD ', '2-DVDs', 'Brokeback Mountain', 2005),
(516, b'1', 'DVD ', ' ', 'Lords of Dogtown', 2005),
(517, b'1', 'DVD ', ' ', 'The Sin Eater', 2003),
(518, b'1', ' ', ' ', 'The Four Feathers', 2002),
(519, b'1', 'DVD ', ' ', 'A Knight s Tale', 2001),
(520, b'1', 'DVDR', ' ', 'The Patriot', 2000),
(521, b'1', 'DVDR', ' ', 'Two Hands', 1999),
(522, b'1', 'TV ', ' ', '10 Things I Hate About You', 1999),
(523, b'1', 'TV ', ' ', 'Paws', 1997),
(540, b'1', 'DVDR', ' ', 'The Life of David Gale', 2003),
(541, b'1', ' ', ' ', 'The Laramie Project', 2002),
(542, b'1', ' ', ' ', 'Wild Iris', 2001),
(543, b'1', ' ', ' ', 'The House of Mirth', 2000),
(544, b'1', 'DVDR', ' ', 'You Can Count on Me', 2000),
(545, b'1', ' ', ' ', 'Maze', 2000),
(546, b'1', ' ', ' ', 'Running Mates', 2001),
(547, b'1', ' ', ' ', 'Lush', 1999),
(548, b'1', 'DVDR', ' ', 'The Truman Show', 1998),
(549, b'1', 'DVDR', ' ', 'Absolute Power', 1997),
(550, b'1', 'DVD', ' ', 'Congo', 1995),
(551, b'1', ' ', ' ', 'A Simple Twist of Fate', 1994),
(552, b'1', ' ', ' ', 'Searching for Bobby Fischer', 1993),
(553, b'1', 'DVD', ' ', 'Dave', 1993),
(554, b'1', 'DVDR', ' ', 'Lorenzo s Oil', 1992),
(579, b'1', ' ', ' ', 'Free State of Jones', 2016),
(580, b'1', ' ', ' ', 'Interstellar', 2014),
(581, b'1', ' ', ' ', 'Dallas Buyers Club', 2013),
(582, b'1', 'DVD ', ' ', 'Mud', 2012),
(583, b'1', 'DVDR ', ' ', 'Magic Mike', 2012),
(584, b'1', 'DVDR ', ' ', 'Killer Joe', 2011),
(585, b'1', 'DVD ', ' ', 'Bernie', 2011),
(586, b'1', 'DVDR ', ' ', 'The Lincoln Lawyer', 2011),
(587, b'1', 'DVDR ', ' ', 'Ghosts of Girlfriends Past', 2009),
(588, b'1', 'DVDR ', ' ', 'Surfer, Dude', 2008),
(589, b'1', 'DVDR ', ' ', 'Fool s Gold', 2008),
(590, b'1', 'DVDR ', ' ', 'We Are Marshall', 2006),
(591, b'1', 'TV ', ' ', 'Failure to Launch', 2006),
(592, b'1', 'DVD ', ' ', 'Two for the Money', 2005),
(593, b'1', 'DVDR ', ' ', 'Sahara', 2005),
(594, b'1', 'TV ', ' ', 'How to Lose a Guy in 10 Days', 2003),
(595, b'1', 'DVDR ', ' ', 'Frailty', 2001),
(596, b'1', 'DVD ', ' ', 'The Wedding Planner', 2001),
(597, b'1', 'TV ', ' ', 'U-571', 2000),
(598, b'1', 'TV ', ' ', 'Edtv', 1999),
(599, b'1', 'DVDR ', ' ', 'The Newton Boys', 1998),
(600, b'1', 'DVD ', ' ', 'Amistad', 1997),
(601, b'1', 'DVDR', ' ', 'The Purge: Election Year', 2016),
(602, b'1', ' ', ' ', 'Prosecuting Casey Anthony', 2013),
(603, b'1', 'DVD', ' ', 'Running Scared', 2006),
(604, b'1', 'DVD', '2-DVDs, NTSC', '3: The Dale Earnhardt Story', 2004),
(605, b'1', 'DVD', ' ', 'The Santa Clause 2', 2002),
(606, b'1', 'DVD', ' ', 'Man and Boy', 2002),
(607, b'1', 'DVD', ' ', 'Double Bang', 2001),
(608, b'1', 'DVD', ' ', 'Hollywood Palms', 2001),
(609, b'1', 'TV', ' ', 'The Linda McCartney Story', 2000),
(610, b'1', 'DVD', ' ', 'Nurse Betty', 2000),
(611, b'1', 'DVD', ' ', 'Frequency', 2000),
(612, b'1', 'DVD', ' ', 'Molly', 1999),
(613, b'1', 'DVD', '2-DVDs ', 'Significant Others', 1998),
(614, b'1', 'DVD', ' ', 'Gia', 1998),
(693, b'1', ' ', ' ', 'The Devil You Know', 2013),
(694, b'1', 'DVD', ' ', 'Night Train to Lisbon', 2013),
(695, b'1', ' ', ' ', 'Quad', 2013),
(696, b'1', 'DVD', ' ', 'Hypnotisören/The hypnotist', 2012),
(697, b'1', 'DVD', ' ', 'Remember Me', 2010),
(698, b'1', ' ', ' ', 'Devil You Know', 2009),
(699, b'1', 'DVD', '2-DVD ', 'The Reader', 2008),
(700, b'1', 'DVD', ' ', 'Awake', 2007),
(701, b'1', 'DVD', ' ', 'Hollywood Homicide', 2003),
(702, b'1', 'DVD', ' ', 'The United States of Leland', 2003),
(703, b'1', 'DVD', ' ', 'Darkness', 2002),
(704, b'1', 'DVD', ' ', 'Queen of the Damned', 2002),
(705, b'1', 'DVD', ' ', 'Hamilton', 1998),
(706, b'1', 'DVD', ' ', 'Ignition', 2001),
(707, b'1', 'DVD', ' ', 'Chocolat', 2000),
(708, b'1', 'DVD', ' ', 'The Ninth Gate', 1999),
(709, b'1', 'DVD', ' ', 'Mystery Men', 1999),
(710, b'1', 'DVD', ' ', 'Polish Wedding', 1998),
(711, b'1', 'DVD', 'NTSC ', 'The Night and the Moment', 1995),
(712, b'1', 'DVD', 'No dutch subtitles ', 'Romeo Is Bleeding', 1993),
(713, b'1', 'DVD', ' ', 'Havana', 1990),
(714, b'1', 'DVD', ' ', 'The Unbearable Lightness of Being', 1988),
(715, b'1', 'DVD', ' ', 'Efter repetitionen/Na de repetitie', 1984),
(716, b'1', 'VIDEO', ' ', 'Fanny och Alexander', 1982),
(717, b'1', 'DVD', ' ', 'Misconduct', 2016),
(718, b'1', 'DVD', ' ', 'Danny Collins', 2015),
(719, b'1', 'DVD', ' ', 'Manglehorn', 2014),
(720, b'1', ' ', ' ', 'The Humbling', 2014),
(721, b'1', ' ', ' ', 'Salomé', 2013),
(722, b'1', ' ', ' ', 'Phil Spector', 2013),
(723, b'1', ' ', ' ', 'Stand Up Guys', 2012),
(724, b'1', ' ', ' ', 'Jack and Jill', 2011),
(725, b'1', 'DVD', ' ', 'The Son of No One', 2011),
(726, b'1', 'DVDR', ' ', 'You Don t Know Jack', 2010),
(727, b'1', 'DVD', '2-DVD', 'Righteous Kill', 2008),
(728, b'1', 'DVD', ' ', 'The Merchant of Venice', 2004),
(729, b'1', 'DVD', '2-DVD', 'Angels in America', 2003),
(730, b'1', 'DVDR', ' ', 'Gigli', 2003),
(731, b'1', 'DVD', ' ', 'The Recruit', 2003),
(732, b'1', 'DVD', ' ', 'S1mOne', 2002),
(733, b'1', 'DVD', ' ', 'Insomnia', 2002),
(734, b'1', 'DVD', ' ', 'People I Know', 2002),
(735, b'1', 'DVDR', ' ', 'Any Given Sunday', 1999),
(736, b'1', 'DVD', ' ', 'The Insider', 1999),
(737, b'1', 'DVD', ' ', 'The Devil s Advocate', 1997),
(738, b'1', 'DVD', ' ', 'Donnie Brasco', 1997),
(739, b'1', 'DVDR', ' ', 'City Hall', 1996),
(740, b'1', 'DVD', ' ', 'Two Bits', 1995),
(741, b'1', 'DVDR', ' ', 'Carlito s Way', 1993),
(742, b'1', 'DVDR', ' ', 'Scent of a Woman', 1992),
(743, b'1', 'DVDR', ' ', 'Glengarry Glen Ross', 1992),
(744, b'1', 'DVD', ' ', 'Frankie & Johnny', 1991),
(745, b'1', 'DVDR', ' ', 'Dick Tracy', 1990),
(746, b'1', 'DVDR', ' ', 'Sea of Love', 1989),
(747, b'1', 'DVDR', ' ', 'Revolution', 1985),
(748, b'1', 'DVD', ' ', 'Scarface', 1983),
(749, b'1', 'DVDR', ' ', 'Cruising', 1980),
(750, b'1', 'DVDR', ' ', '...And Justice for All', 1979),
(751, b'1', 'DVDR', 'english', 'Bobby Deerfield', 1977),
(752, b'1', 'DVDR', ' ', 'Dog Day Afternoon', 1975),
(753, b'1', 'DVD', ' ', 'The Godfather: Part II', 1974),
(754, b'1', 'DVD', ' ', 'Serpico', 1973),
(755, b'1', 'DVDR', ' ', 'Scarecrow', 1973),
(756, b'1', 'DVD', ' ', 'The Godfather', 1972),
(757, b'1', 'DVDR', ' ', 'The Panic in Needle Park', 1971),
(872, b'1', 'DVD', ' ', 'The Big Short', 2015),
(873, b'1', 'DVD', ' ', 'By The Sea', 2015),
(874, b'1', 'DVD', ' ', 'Fury', 2014),
(875, b'1', 'DVD', ' ', 'The Counsellor', 2013),
(876, b'1', 'DVD', ' ', '12 Years a Slave', 2013),
(877, b'1', 'DVD', ' ', 'World War Z', 2013),
(878, b'1', 'DVD', ' ', 'Killing them softly', 2012),
(879, b'1', 'DVD', ' ', 'Moneyball', 2011),
(880, b'1', 'DVD', ' ', 'The Tree of Life', 2011),
(881, b'1', 'DVD', ' ', 'Inglourious Basterds', 2009),
(882, b'1', 'DVD', '2-DVDs ', 'The Curious Case of Benjamin Button', 2008),
(883, b'1', 'DVD', ' ', 'The Assassination of Jesse James by the Coward Robert Ford', 2007),
(884, b'1', 'DVD', ' ', 'Babel', 2006),
(885, b'1', 'DVD', '2-DVDs ', 'Mr. & Mrs. Smith', 2005),
(886, b'1', 'DVD', '2-DVDs ', 'Troy', 2004),
(887, b'1', 'TV', ' ', 'Sinbad: Legend of the Seven Seas', 2003),
(888, b'1', 'DVD', ' ', 'Full Frontal', 2002),
(889, b'1', 'DVD', ' ', 'Spy Game', 2001),
(890, b'1', 'DVD', ' ', 'The Mexican', 2001),
(891, b'1', 'DVD', '2-DVDs ', 'Snatch', 2001),
(892, b'1', 'DVD', '2-DVDs ', 'Fight Club', 1999),
(893, b'1', 'DVD', ' ', 'Meet Joe Black', 1998),
(894, b'1', 'DVD', ' ', 'The Dark Side of the Sun', 1997),
(895, b'1', 'DVD', ' ', 'Seven Years in Tibet', 1997),
(896, b'1', 'DVD', ' ', 'The Devil s Own', 1997),
(897, b'1', 'DVD', ' ', 'Sleepers', 1996),
(898, b'1', 'DVD', ' ', 'Twelve Monkeys', 1995),
(899, b'1', 'DVD', '2-DVDs ', 'Se7en', 1995),
(900, b'1', 'DVD', ' ', 'Legends of the Fall', 1994),
(901, b'1', 'DVD', ' ', 'True Romance', 1993),
(902, b'1', 'DVD', ' ', 'Kalifornia', 1993),
(903, b'1', 'DVD', ' ', 'A River Runs Through It', 1992),
(904, b'1', 'DVD', ' ', 'Thelma & Louise', 1991),
(905, b'1', 'DVD', 'No dutch subtitles ', 'Across the Tracks', 1991),
(906, b'1', 'DVD', 'No dutch subtitles, EXHD wel subtitle', 'Too Young to Die?', 1990),
(907, b'1', 'DVD', ' ', 'Cutting Class', 1989),
(973, b'1', ' ', ' ', 'Jane Got a Gun', 2016),
(974, b'1', ' ', ' ', 'Knight of Cups', 2015),
(975, b'1', ' ', ' ', 'The Heyday of the Insensitive Bastards', 2014),
(976, b'1', ' ', ' ', 'Thor: The Dark World', 2013),
(977, b'1', 'DVDR', ' ', 'Thor', 2011),
(978, b'1', 'DVDR', ' ', 'Your Highness', 2011),
(979, b'1', 'DVDR', ' ', 'No Strings Attached', 2011),
(980, b'1', 'DVDR', ' ', 'Black Swan', 2010),
(981, b'1', 'DVDR', ' ', 'Hesher', 2010),
(982, b'1', 'DVDR', ' ', 'Brothers', 2009),
(983, b'1', 'DVDR', ' ', 'Love and Other Impossible Pursuits', 2009),
(984, b'1', 'DVDR', ' ', 'The Other Boleyn Girl', 2007),
(985, b'1', 'DVDR', ' ', 'Mr. Magorium s Wonder Emporium', 2007),
(986, b'1', 'DVDR', ' ', 'The Darjeeling Limited', 2007),
(987, b'1', ' ', 'No subtitles', 'My Blueberry Nights', 2007),
(988, b'1', ' ', ' ', 'Goya s Ghosts', 2006),
(989, b'1', 'DVDR', ' ', 'Paris, je t aime', 2006),
(990, b'1', 'DVDR', ' ', 'V for Vendetta', 2005),
(991, b'1', ' ', ' ', 'Free Zone', 2005),
(992, b'1', 'DVDR', ' ', 'Star Wars: Episode III - Revenge of the Sith', 2005),
(993, b'1', ' ', ' ', 'Domino One', 2004),
(994, b'1', 'DVDR', ' ', 'Closer', 2004),
(995, b'1', 'DVDR', ' ', 'Garden State', 2004),
(996, b'1', ' ', ' ', 'Cold Mountain', 2002),
(997, b'1', 'DVDR', ' ', 'Star Wars: Episode II - Attack of the Clones', 2002),
(998, b'1', 'DVDR', ' ', 'Anywhere But Here', 1999),
(999, b'1', 'DVDR', ' ', 'Star Wars: Episode I - The Phantom Menace', 1999),
(1000, b'1', ' ', ' ', 'Mars Attacks!', 1996),
(1001, b'1', 'DVDR', ' ', 'Everyone Says I Love You', 1996),
(1002, b'1', 'DVDR', ' ', 'Beautiful Girls', 1996),
(1003, b'1', 'DVDR', ' ', 'Léon', 1994),
(1085, b'1', ' ', ' ', 'Mother s Day', 2016),
(1086, b'1', ' ', ' ', 'The Normal Heart', 2014),
(1087, b'1', 'DVD', ' ', 'August: Osage County', 2013),
(1088, b'1', 'DVDR', ' ', 'Larry Crowne', 2011),
(1089, b'1', 'DVDR', ' ', 'Valentine s Day', 2010),
(1090, b'1', 'DVD', ' ', 'Eat Pray Love', 2010),
(1091, b'1', 'DVDR', ' ', 'Duplicity', 2009),
(1092, b'1', 'DVDR', ' ', 'Fireflies In The Garden', 2008),
(1093, b'1', 'DVDR', ' ', 'Charlie Wilson s War', 2007),
(1094, b'1', 'DVDR', ' ', 'The Ant Bully', 2006),
(1095, b'1', 'DVDR', ' ', 'Mona Lisa Smile', 2003),
(1096, b'1', 'DVDR', ' ', 'America s Sweethearts', 2001),
(1097, b'1', 'DVD', ' ', 'Erin Brockovich', 2000),
(1098, b'1', 'DVDR', ' ', 'Notting Hill', 1999),
(1099, b'1', 'DVDR', ' ', 'Stepmom', 1998),
(1100, b'1', 'DVD ', ' ', 'Conspiracy Theory', 1997),
(1101, b'1', ' ', ' ', 'My Best Friend s Wedding', 1997),
(1102, b'1', ' ', ' ', 'Michael Collins', 1996),
(1103, b'1', ' ', ' ', 'Something to Talk About', 1995),
(1104, b'1', 'DVDR', ' ', 'I Love Trouble', 1994),
(1105, b'1', 'DVD', ' ', 'The Pelican Brief', 1993),
(1106, b'1', 'DVDR', ' ', 'Sleeping with the Enemy', 1991),
(1107, b'1', 'DVDR', ' ', 'Dying Young', 1991),
(1108, b'1', 'DVDR', ' ', 'Flatliners', 1990),
(1109, b'1', 'DVDR', ' ', 'Mystic Pizza', 1988),
(1184, b'1', 'DVD', ' ', 'Two Mothers', 2013),
(1185, b'1', 'DVDR', ' ', 'Rampart', 2011),
(1186, b'1', 'DVDR', ' ', 'The Girl with the Dragon Tattoo', 2011),
(1187, b'1', 'DVDR', ' ', 'The Conspirator', 2010),
(1188, b'1', 'DVDR', ' ', 'State of Play', 2009),
(1189, b'1', 'DVDR', ' ', 'What Just Happened', 2008),
(1190, b'1', 'DVD', ' ', 'Breaking and Entering', 2006),
(1191, b'1', 'DVDR', ' ', 'White Oleander', 2002),
(1192, b'1', 'DVDR', ' ', 'The Last Castle', 2001),
(1193, b'1', 'DVD', ' ', 'The Pledge', 2001),
(1194, b'1', 'DVD', ' ', 'Unbreakable', 2000),
(1195, b'1', 'DVDR', ' ', 'Hurlyburly', 1998),
(1196, b'1', 'DVDR', ' ', 'She s So Lovely', 1997),
(1197, b'1', 'DVD', ' ', 'The Crossing Guard', 1995),
(1198, b'1', 'DVDR', ' ', 'Forrest Gump', 1994),
(1199, b'1', 'DVDR', ' ', 'State of Grace', 1990),
(1543, b'1', 'DVDR', ' ', 'The Prince', 2014),
(1544, b'1', 'DVDR', ' ', 'Red 2', 2013),
(1545, b'1', 'DVDR', ' ', 'A Good Day to Die Hard', 2013),
(1546, b'1', 'DVDR', ' ', 'Looper', 2012),
(1547, b'1', 'DVDR', ' ', 'Fire with Fire', 2012),
(1548, b'1', 'DVDR', ' ', 'Lay the Favorite', 2012),
(1549, b'1', 'DVDR', ' ', 'Moonrise Kingdom', 2012),
(1550, b'1', 'DVD', ' ', 'The Cold Light of Day', 2012),
(1551, b'1', 'DVDR', ' ', 'Catch .44', 2011),
(1552, b'1', 'DVD', ' ', 'Setup', 2011),
(1553, b'1', 'DVDR', ' ', 'Red', 2010),
(1554, b'1', 'DVDR', ' ', 'The Expendables', 2010),
(1555, b'1', 'DVDR', ' ', 'Cop Out', 2010),
(1556, b'1', 'DVDR', ' ', 'Surrogates', 2009),
(1557, b'1', 'DVDR', ' ', 'Planet Terror', 2007),
(1558, b'1', 'TV', ' ', 'Live Free or Die Hard/Die Hard 4.0', 2007),
(1559, b'1', 'DVD', ' ', '16 Blocks', 2006),
(1560, b'1', 'DVDR', ' ', 'Lucky Number Slevin', 2006),
(1561, b'1', 'DVD', ' ', 'Alpha Dog', 2006),
(1562, b'1', 'DVDR', ' ', 'Sin City', 2005),
(1563, b'1', 'DVD', ' ', 'Hostage', 2005),
(1564, b'1', 'TV', ' ', 'The Whole Ten Yards', 2004),
(1565, b'1', 'DVDR', ' ', 'Hart s War', 2002),
(1566, b'1', 'DVD', ' ', 'Bandits', 2001),
(1567, b'1', 'DVDR', ' ', 'The Kid', 2000),
(1568, b'1', 'TV', ' ', 'The Story of Us', 1999),
(1569, b'1', 'DVDR', ' ', 'The Sixth Sense', 1999),
(1570, b'1', 'DVDR', ' ', 'Breakfast of Champions', 1999),
(1571, b'1', 'DVD', ' ', 'The Siege', 1998),
(1572, b'1', 'DVDR', ' ', 'Armageddon', 1998),
(1573, b'1', 'TV', ' ', 'Mercury Rising', 1998),
(1574, b'1', 'DVDR', ' ', 'The Fifth Element', 1997),
(1575, b'1', 'TV', ' ', 'Last Man Standing', 1996),
(1576, b'1', 'TV', ' ', 'Die Hard: With a Vengeance', 1995),
(1577, b'1', 'DVDR', ' ', 'Nobody s Fool', 1994),
(1578, b'1', 'DVDR', ' ', 'Color of Night', 1994),
(1579, b'1', 'TV', ' ', 'North', 1994),
(1580, b'1', 'DVD', ' ', 'Pulp Fiction', 1994),
(1581, b'1', 'DVDR', ' ', 'Striking Distance', 1993),
(1582, b'1', 'TV', ' ', 'Hudson Hawk', 1991),
(1583, b'1', 'DVDR', ' ', 'Mortal Thoughts', 1991),
(1584, b'1', 'DVDR', ' ', 'The Bonfire of the Vanities', 1990),
(1585, b'1', 'TV', ' ', 'Die Hard 2', 1990),
(1586, b'1', 'TV', ' ', 'Die Hard', 1988),
(1587, b'1', 'DVDR', ' ', 'Blind Date', 1987);

-- --------------------------------------------------------

--
-- Table structure for table `dvd_actors`
--

CREATE TABLE `dvd_actors` (
  `dvd_id` bigint(20) NOT NULL,
  `actors_id` bigint(20) NOT NULL
) ENGINE=InnoDB DEFAULT CHARSET=latin1;

--
-- Dumping data for table `dvd_actors`
--

INSERT INTO `dvd_actors` (`dvd_id`, `actors_id`) VALUES
(1, 1),
(2, 1),
(3, 1),
(4, 1),
(5, 1),
(6, 1),
(7, 1),
(8, 1),
(9, 1),
(10, 1),
(11, 1),
(12, 1),
(13, 1),
(14, 1),
(15, 1),
(16, 1),
(17, 1),
(18, 1),
(19, 1),
(20, 1),
(21, 1),
(22, 1),
(23, 1),
(24, 1),
(25, 1),
(26, 1),
(27, 1),
(28, 1),
(29, 1),
(30, 1),
(31, 1),
(32, 1),
(33, 1),
(34, 1),
(35, 1),
(36, 1),
(37, 1),
(38, 1),
(39, 1),
(40, 2),
(41, 2),
(42, 2),
(43, 2),
(44, 2),
(45, 2),
(46, 2),
(47, 2),
(48, 2),
(49, 2),
(50, 2),
(51, 2),
(52, 2),
(53, 3),
(54, 3),
(55, 3),
(56, 3),
(57, 3),
(58, 3),
(59, 3),
(60, 3),
(61, 3),
(62, 3),
(63, 3),
(64, 3),
(65, 3),
(66, 3),
(67, 3),
(68, 3),
(69, 4),
(70, 4),
(71, 4),
(72, 4),
(73, 4),
(74, 4),
(75, 4),
(76, 4),
(77, 4),
(78, 4),
(79, 4),
(80, 4),
(81, 4),
(82, 4),
(83, 4),
(20, 5),
(103, 5),
(104, 5),
(105, 5),
(106, 5),
(107, 5),
(108, 5),
(109, 5),
(110, 5),
(111, 5),
(112, 7),
(113, 7),
(114, 7),
(115, 7),
(116, 7),
(117, 7),
(118, 7),
(119, 7),
(120, 7),
(121, 7),
(122, 7),
(123, 7),
(124, 7),
(125, 7),
(126, 7),
(127, 7),
(128, 7),
(129, 7),
(130, 7),
(131, 7),
(132, 7),
(133, 7),
(134, 7),
(135, 7),
(136, 7),
(137, 7),
(138, 7),
(139, 7),
(140, 7),
(141, 7),
(6, 8),
(186, 8),
(187, 8),
(188, 8),
(189, 8),
(190, 8),
(191, 8),
(192, 8),
(193, 8),
(194, 8),
(195, 8),
(196, 8),
(197, 8),
(198, 8),
(199, 8),
(200, 8),
(201, 8),
(202, 8),
(203, 8),
(204, 8),
(205, 8),
(206, 8),
(207, 8),
(208, 8),
(209, 8),
(210, 8),
(211, 8),
(212, 8),
(213, 8),
(214, 8),
(215, 8),
(216, 8),
(217, 8),
(218, 8),
(219, 8),
(220, 8),
(221, 8),
(222, 8),
(223, 8),
(224, 8),
(225, 8),
(226, 8),
(227, 8),
(228, 8),
(229, 9),
(230, 9),
(231, 9),
(232, 9),
(233, 9),
(234, 9),
(235, 9),
(236, 9),
(237, 9),
(238, 9),
(239, 9),
(240, 9),
(241, 9),
(242, 9),
(243, 9),
(244, 9),
(245, 9),
(246, 9),
(247, 9),
(248, 9),
(249, 9),
(250, 9),
(251, 9),
(252, 9),
(253, 9),
(254, 9),
(255, 9),
(256, 9),
(257, 9),
(258, 9),
(259, 9),
(260, 9),
(261, 9),
(262, 9),
(263, 9),
(125, 11),
(129, 11),
(133, 11),
(264, 11),
(265, 11),
(266, 11),
(267, 11),
(268, 11),
(269, 11),
(270, 11),
(271, 11),
(272, 11),
(273, 11),
(274, 11),
(275, 11),
(276, 11),
(277, 11),
(278, 11),
(279, 11),
(280, 11),
(281, 11),
(282, 11),
(283, 11),
(284, 11),
(285, 11),
(286, 11),
(287, 11),
(288, 11),
(289, 11),
(290, 11),
(291, 11),
(292, 11),
(293, 11),
(291, 12),
(336, 12),
(337, 12),
(338, 12),
(339, 12),
(340, 12),
(341, 12),
(342, 12),
(343, 12),
(344, 12),
(345, 12),
(346, 12),
(347, 12),
(348, 12),
(349, 12),
(350, 12),
(351, 12),
(352, 12),
(353, 12),
(354, 12),
(355, 12),
(356, 12),
(357, 12),
(358, 12),
(359, 12),
(360, 12),
(361, 12),
(362, 12),
(363, 12),
(364, 12),
(365, 12),
(366, 12),
(367, 12),
(368, 12),
(369, 12),
(370, 12),
(371, 12),
(372, 12),
(373, 12),
(374, 12),
(375, 12),
(376, 12),
(279, 13),
(110, 13),
(444, 13),
(445, 13),
(446, 13),
(447, 13),
(448, 13),
(449, 13),
(450, 13),
(451, 13),
(452, 13),
(453, 13),
(454, 13),
(455, 13),
(456, 13),
(457, 13),
(458, 13),
(459, 13),
(460, 13),
(461, 13),
(462, 13),
(463, 13),
(464, 13),
(465, 13),
(466, 13),
(467, 13),
(468, 13),
(469, 13),
(470, 13),
(471, 13),
(472, 13),
(473, 13),
(474, 13),
(475, 13),
(476, 14),
(477, 14),
(478, 14),
(479, 14),
(480, 14),
(481, 14),
(40, 15),
(63, 15),
(346, 15),
(511, 15),
(512, 15),
(513, 15),
(514, 15),
(515, 15),
(516, 15),
(517, 15),
(518, 15),
(519, 15),
(520, 15),
(521, 15),
(522, 15),
(523, 15),
(354, 16),
(360, 16),
(540, 16),
(541, 16),
(542, 16),
(543, 16),
(544, 16),
(545, 16),
(546, 16),
(547, 16),
(548, 16),
(549, 16),
(550, 16),
(551, 16),
(552, 16),
(553, 16),
(554, 16),
(470, 17),
(579, 17),
(580, 17),
(581, 17),
(582, 17),
(583, 17),
(584, 17),
(585, 17),
(586, 17),
(587, 17),
(588, 17),
(589, 17),
(590, 17),
(591, 17),
(592, 17),
(593, 17),
(594, 17),
(595, 17),
(596, 17),
(597, 17),
(598, 17),
(599, 17),
(600, 17),
(601, 18),
(602, 18),
(603, 18),
(604, 18),
(605, 18),
(606, 18),
(607, 18),
(608, 18),
(609, 18),
(610, 18),
(611, 18),
(612, 18),
(613, 18),
(614, 18),
(284, 19),
(363, 19),
(514, 19),
(693, 19),
(694, 19),
(695, 19),
(696, 19),
(697, 19),
(698, 19),
(699, 19),
(700, 19),
(701, 19),
(702, 19),
(703, 19),
(704, 19),
(705, 19),
(706, 19),
(707, 19),
(708, 19),
(709, 19),
(710, 19),
(711, 19),
(712, 19),
(713, 19),
(714, 19),
(715, 19),
(716, 19),
(125, 20),
(103, 20),
(110, 20),
(125, 20),
(289, 20),
(592, 20),
(717, 20),
(718, 20),
(719, 20),
(720, 20),
(721, 20),
(722, 20),
(723, 20),
(724, 20),
(725, 20),
(726, 20),
(727, 20),
(728, 20),
(729, 20),
(730, 20),
(731, 20),
(732, 20),
(733, 20),
(734, 20),
(735, 20),
(736, 20),
(737, 20),
(738, 20),
(739, 20),
(740, 20),
(741, 20),
(742, 20),
(743, 20),
(744, 20),
(745, 20),
(746, 20),
(747, 20),
(748, 20),
(749, 20),
(750, 20),
(751, 20),
(752, 20),
(753, 20),
(754, 20),
(755, 20),
(756, 20),
(757, 20),
(122, 69),
(125, 69),
(129, 69),
(131, 69),
(133, 69),
(249, 69),
(872, 69),
(873, 69),
(874, 69),
(875, 69),
(876, 69),
(877, 69),
(878, 69),
(879, 69),
(880, 69),
(881, 69),
(882, 69),
(883, 69),
(884, 69),
(885, 69),
(886, 69),
(887, 69),
(888, 69),
(889, 69),
(890, 69),
(891, 69),
(892, 69),
(893, 69),
(894, 69),
(895, 69),
(896, 69),
(897, 69),
(898, 69),
(899, 69),
(900, 69),
(901, 69),
(902, 69),
(903, 69),
(904, 69),
(905, 69),
(906, 69),
(907, 69),
(110, 21),
(272, 21),
(463, 21),
(973, 21),
(974, 21),
(975, 21),
(976, 21),
(977, 21),
(978, 21),
(979, 21),
(980, 21),
(981, 21),
(982, 21),
(983, 21),
(984, 21),
(985, 21),
(986, 21),
(987, 21),
(988, 21),
(989, 21),
(990, 21),
(991, 21),
(992, 21),
(993, 21),
(994, 21),
(995, 21),
(996, 21),
(997, 21),
(998, 21),
(999, 21),
(1000, 21),
(1001, 21),
(1002, 21),
(1003, 21),
(129, 22),
(131, 22),
(133, 22),
(357, 22),
(367, 22),
(888, 22),
(890, 22),
(1001, 22),
(994, 22),
(1085, 22),
(1086, 22),
(1087, 22),
(1088, 22),
(1089, 22),
(1090, 22),
(1091, 22),
(1092, 22),
(1093, 22),
(1094, 22),
(1095, 22),
(1096, 22),
(1097, 22),
(1098, 22),
(1099, 22),
(1100, 22),
(1101, 22),
(1102, 22),
(1103, 22),
(1104, 22),
(1105, 22),
(1106, 22),
(1107, 22),
(1108, 22),
(1109, 22),
(16, 32),
(104, 32),
(204, 32),
(272, 32),
(879, 32),
(1184, 32),
(1185, 32),
(1186, 32),
(1187, 32),
(1188, 32),
(1189, 32),
(1190, 32),
(1191, 32),
(1192, 32),
(1193, 32),
(1194, 32),
(1195, 32),
(1196, 32),
(1197, 32),
(1198, 32),
(1199, 32),
(45, 31),
(58, 31),
(68, 31),
(358, 31),
(898, 31),
(1189, 31),
(1194, 31),
(1543, 31),
(1544, 31),
(1545, 31),
(1546, 31),
(1547, 31),
(1548, 31),
(1549, 31),
(1550, 31),
(1551, 31),
(1552, 31),
(1553, 31),
(1554, 31),
(1555, 31),
(1556, 31),
(1557, 31),
(1558, 31),
(1559, 31),
(1560, 31),
(1561, 31),
(1562, 31),
(1563, 31),
(1564, 31),
(1565, 31),
(1566, 31),
(1567, 31),
(1568, 31),
(1569, 31),
(1570, 31),
(1571, 31),
(1572, 31),
(1573, 31),
(1574, 31),
(1575, 31),
(1576, 31),
(1577, 31),
(1578, 31),
(1579, 31),
(1580, 31),
(1581, 31),
(1582, 31),
(1583, 31),
(1584, 31),
(1585, 31),
(1586, 31),
(1587, 31);

-- --------------------------------------------------------

--
-- Table structure for table `dvd_genres`
--

CREATE TABLE `dvd_genres` (
  `dvd_id` bigint(20) NOT NULL,
  `genres_id` bigint(20) NOT NULL
) ENGINE=InnoDB DEFAULT CHARSET=latin1;

--
-- Dumping data for table `dvd_genres`
--

INSERT INTO `dvd_genres` (`dvd_id`, `genres_id`) VALUES
(1, 3);

-- --------------------------------------------------------

--
-- Table structure for table `file_import`
--

CREATE TABLE `file_import` (
  `id` bigint(20) NOT NULL,
  `blob_csv` longtext
) ENGINE=InnoDB DEFAULT CHARSET=latin1;

-- --------------------------------------------------------

--
-- Table structure for table `genre`
--

CREATE TABLE `genre` (
  `id` bigint(20) NOT NULL,
  `genre_name` varchar(255) DEFAULT NULL
) ENGINE=InnoDB DEFAULT CHARSET=latin1;

--
-- Dumping data for table `genre`
--

INSERT INTO `genre` (`id`, `genre_name`) VALUES
(1, 'Drama'),
(2, 'Romance'),
(3, 'Crime'),
(4, 'Thriller'),
(5, 'Mystery'),
(6, 'Adventure'),
(7, 'Family'),
(8, 'Action'),
(9, 'War'),
(10, 'Adventure'),
(11, 'Horror'),
(12, 'Sci-Fi'),
(13, 'History'),
(14, 'Comedy'),
(15, 'War'),
(16, 'Family'),
(17, 'Biography'),
(18, 'Music'),
(19, 'Musical'),
(20, 'Fantasy'),
(21, 'Sport'),
(22, 'Western'),
(23, 'History'),
(26, 'srh wh24'),
(27, 'Warfgggggggggggggggggggggggggt   6uu  t');

--
-- Indexes for dumped tables
--

--
-- Indexes for table `actor`
--
ALTER TABLE `actor`
  ADD PRIMARY KEY (`id`);

--
-- Indexes for table `dvd`
--
ALTER TABLE `dvd`
  ADD PRIMARY KEY (`id`),
  ADD UNIQUE KEY `UK_ledc510bx03rbjl99nsfo3cjg` (`title`);

--
-- Indexes for table `dvd_actors`
--
ALTER TABLE `dvd_actors`
  ADD KEY `FK2yo7m47947ppsdllylf5khvs1` (`actors_id`),
  ADD KEY `FK95xbbg7u34q8i8vlrq1rgmwec` (`dvd_id`);

--
-- Indexes for table `dvd_genres`
--
ALTER TABLE `dvd_genres`
  ADD KEY `FK51fjxghi23iovircv5dppmxp4` (`genres_id`),
  ADD KEY `FK8sxa583q993twy6q615u093e3` (`dvd_id`);

--
-- Indexes for table `file_import`
--
ALTER TABLE `file_import`
  ADD PRIMARY KEY (`id`);

--
-- Indexes for table `genre`
--
ALTER TABLE `genre`
  ADD PRIMARY KEY (`id`);

--
-- AUTO_INCREMENT for dumped tables
--

--
-- AUTO_INCREMENT for table `actor`
--
ALTER TABLE `actor`
  MODIFY `id` bigint(20) NOT NULL AUTO_INCREMENT, AUTO_INCREMENT=70;
--
-- AUTO_INCREMENT for table `dvd`
--
ALTER TABLE `dvd`
  MODIFY `id` bigint(20) NOT NULL AUTO_INCREMENT, AUTO_INCREMENT=1588;
--
-- AUTO_INCREMENT for table `file_import`
--
ALTER TABLE `file_import`
  MODIFY `id` bigint(20) NOT NULL AUTO_INCREMENT;
--
-- AUTO_INCREMENT for table `genre`
--
ALTER TABLE `genre`
  MODIFY `id` bigint(20) NOT NULL AUTO_INCREMENT, AUTO_INCREMENT=28;
--
-- Constraints for dumped tables
--

--
-- Constraints for table `dvd_actors`
--
ALTER TABLE `dvd_actors`
  ADD CONSTRAINT `FK2yo7m47947ppsdllylf5khvs1` FOREIGN KEY (`actors_id`) REFERENCES `actor` (`id`),
  ADD CONSTRAINT `FK95xbbg7u34q8i8vlrq1rgmwec` FOREIGN KEY (`dvd_id`) REFERENCES `dvd` (`id`);

--
-- Constraints for table `dvd_genres`
--
ALTER TABLE `dvd_genres`
  ADD CONSTRAINT `FK51fjxghi23iovircv5dppmxp4` FOREIGN KEY (`genres_id`) REFERENCES `genre` (`id`),
  ADD CONSTRAINT `FK8sxa583q993twy6q615u093e3` FOREIGN KEY (`dvd_id`) REFERENCES `dvd` (`id`);

/*!40101 SET CHARACTER_SET_CLIENT=@OLD_CHARACTER_SET_CLIENT */;
/*!40101 SET CHARACTER_SET_RESULTS=@OLD_CHARACTER_SET_RESULTS */;
/*!40101 SET COLLATION_CONNECTION=@OLD_COLLATION_CONNECTION */;
